BEGIN;

-- Admin has "admin" as password. Stored a sha256 sum
INSERT INTO "User" ("id", "nombre", "email", "password", "rol") VALUES
  (1, 'admin', 'admin@admin.com', '8c6976e5b5410415bde908bd4dee15dfb167a9c873fc4bb8a81f6f2ab448a918', 'GERENTE'),
  (2, 'profesional', 'profesional@gmail.com', '8c6976e5b5410415bde908bd4dee15dfb167a9c873fc4bb8a81f6f2ab448a918', 'PROFESIONAL'),
  (3, 'mesa', 'mesa@gmail.com', '8c6976e5b5410415bde908bd4dee15dfb167a9c873fc4bb8a81f6f2ab448a918', 'MESA_ENTRADA'),
  (4, 'profesional', 'profesional2@gmail.com', '8c6976e5b5410415bde908bd4dee15dfb167a9c873fc4bb8a81f6f2ab448a918', 'PROFESIONAL'),
  (5, 'profesional', 'profesional3@gmail.com', '8c6976e5b5410415bde908bd4dee15dfb167a9c873fc4bb8a81f6f2ab448a918', 'PROFESIONAL'),
  (6, 'profesional', 'profesional4@gmail.com', '8c6976e5b5410415bde908bd4dee15dfb167a9c873fc4bb8a81f6f2ab448a918', 'PROFESIONAL'),
  (7, 'profesional', 'profesional5@gmail.com', '8c6976e5b5410415bde908bd4dee15dfb167a9c873fc4bb8a81f6f2ab448a918', 'PROFESIONAL'),
  (8, 'profesional', 'profesional6@gmail.com', '8c6976e5b5410415bde908bd4dee15dfb167a9c873fc4bb8a81f6f2ab448a918', 'PROFESIONAL'),
  (9, 'profesional', 'profesional7@gmail.com', '8c6976e5b5410415bde908bd4dee15dfb167a9c873fc4bb8a81f6f2ab448a918', 'PROFESIONAL'),
  (10, 'profesional', 'profesional8@gmail.com', '8c6976e5b5410415bde908bd4dee15dfb167a9c873fc4bb8a81f6f2ab448a918', 'PROFESIONAL'),
  (11, 'profesional', 'profesional9@gmail.com', '8c6976e5b5410415bde908bd4dee15dfb167a9c873fc4bb8a81f6f2ab448a918', 'PROFESIONAL'),
  (12, 'profesional', 'profesional10@gmail.com', '8c6976e5b5410415bde908bd4dee15dfb167a9c873fc4bb8a81f6f2ab448a918', 'PROFESIONAL'),
  (13, 'profesional', 'profesional11@gmail.com', '8c6976e5b5410415bde908bd4dee15dfb167a9c873fc4bb8a81f6f2ab448a918', 'PROFESIONAL');
ALTER SEQUENCE "User_id_seq" RESTART WITH 14;

INSERT INTO "ObraSocial" ("id", "nombre", "estado") VALUES
  (1, 'IPSS', 'ACTIVA'),
  (2, 'OSDE', 'ACTIVA'),
  (3, 'Swiss Medical', 'ACTIVA'),
  (4, 'Hourai Services', 'ACTIVA'),
  (5, 'Scarlet Services', 'INACTIVA');
ALTER SEQUENCE "ObraSocial_id_seq" RESTART WITH 6;

INSERT INTO "Profesional" ("id", "nombre", "apellido", "direccion", "dni", "especialidad", "telefono") VALUES
  (1, 'Eirin', 'Yagokoro', 'Forest of the Lost 1452', '3123412', 'Cardiología', '+543871234564'),
  (2, 'Reimu', 'Hakurei', 'Hakurei Shrine 1031', '12345678', 'Medicina General', '+543871234567'),
  (3, 'Marisa', 'Kirisame', 'Forest of Magic 2120', '87654321', 'Traumatología', '+543872345678'),
  (4, 'Sakuya', 'Izayoi', 'Scarlet Devil Mansion 3032', '11223344', 'Cirugía', '+543873456789'),
  (5, 'Remilia', 'Scarlet', 'Scarlet Devil Mansion 3121', '55667788', 'Cardiología', '+543874567890'),
  (6, 'Youmu', 'Konpaku', 'Netherworld 4320', '99001122', 'Neurología', '+543875678901'),
  (7, 'Flandre', 'Scarlet', 'Scarlet Devil Mansion 2132', '33445566', 'Psiquiatría', '+543876789012'),
  (8, 'Yuyuko', 'Saigyouji', 'Netherworld 41', '77889900', 'Oncología', '+543877890123'),
  (9, 'Yukari', 'Yakumo', 'Boundary 60', '66778899', 'Ginecología', '+543879012345'),
  (10, 'Ran', 'Yakumo', 'Boundary 61', '00112233', 'Oftalmología', '+543870123456'),
  (11, 'Chen', 'Yakumo', 'Boundary 62', '00112244', 'Dermatología', '+543870233456');
ALTER SEQUENCE "Profesional_id_seq" RESTART WITH 12;

INSERT INTO "ProfesionalObraSocial" ("id", "id_obra_social", "id_profesional") VALUES
  (1, 3, 5),
  (2, 1, 9),
  (3, 4, 2),
  (4, 2, 7),
  (5, 3, 1),
  (6, 1, 11),
  (7, 4, 4),
  (8, 2, 6),
  (9, 3, 10),
  (10, 1, 3),
  (11, 4, 8),
  (12, 2, 5),
  (13, 3, 9),
  (14, 1, 2),
  (15, 4, 7),
  (16, 2, 8),
  (17, 1, 3),
  (18, 4, 8),
  (19, 1, 1),
(20, 2, 3);
ALTER SEQUENCE "ProfesionalObraSocial_id_seq" RESTART WITH 21;

INSERT INTO "Paciente" ("id", "nombre", "apellido", "dni", "direccion", "fecha_nacimiento", "fecha_registro", "telefono", "id_obra_social", "num_obra_social") VALUES
  (1, 'Aya', 'Shameimaru', '29022720', 'Tengu Village 100', '1995-10-25 15:30:00', '2024-03-15 10:00:00', '+543871234567', 2, '98765432'),
  (2, 'Momiji', 'Inubashiri', '38395423', 'Tengu Village 101', '1998-05-12 08:00:00', '2024-04-20 11:30:00', '+543872345678', 3, '12345678'),
  (3, 'Nitori', 'Kawashiro', '10957520', 'Kappa Village 200', '2001-08-01 11:45:00', '2024-05-10 09:15:00', '+543873456789', 1, '55667788'),
  (4, 'Koishi', 'Komeiji', '37079989', 'Chireiden 300', '1992-03-17 22:10:00', '2024-06-05 14:20:00', '+543874567890', 4, '99001122'),
  (5, 'Satori', 'Komeiji', '18899530', 'Chireiden 301', '1990-11-04 18:20:00', '2024-07-12 16:45:00', '+543875678901', 2, '33445566'),
  (6, 'Byakuren', 'Hijiri', '16839115', 'Myouren Temple 400', '1985-07-29 09:55:00', '2024-02-18 08:30:00', '+543876789012', 3, '77889900'),
  (7, 'Toyosatomimi', 'Miko', '14901865', 'Hall of Dreams 500', '1988-02-14 14:05:00', '2024-08-25 13:10:00', '+543877890123', 1, '22334455'),
  (8, 'Kasodani', 'Kyouko', '36741345', 'Myouren Temple 401', '1996-09-03 07:30:00', '2024-01-30 10:45:00', '+543878901234', NULL, NULL),
  (9, 'Seiga', 'Kaku', '19229820', 'Graveyard 600', '1980-12-05 16:50:00', '2024-09-14 15:20:00', '+543879012345', 4, '66778899'),
  (10, 'Mamizou', 'Futatsuiwa', '22040595', 'Bamboo Forest 700', '1994-06-20 10:15:00', '2024-10-08 11:00:00', '+543870123456', NULL, NULL),
  (11, 'Cirno', 'Baka', '41230177', 'Misty Lake 123', '1939-09-01 10:00:00', '2024-11-22 09:30:00', '+543871234567', NULL, NULL),
  (12, 'Daiyousei', 'Fairy', '30545948', 'Misty Lake 124', '2000-04-15 12:00:00', '2024-12-05 10:15:00', '+543872345679', 1, '11223344'),
  (13, 'Rumia', 'Darkness', '25712836', 'Dark Forest 200', '1997-06-21 20:30:00', '2024-01-18 14:30:00', '+543873456780', 2, '22334455'),
  (14, 'Wriggle', 'Nightbug', '33268541', 'Bug Forest 300', '1999-08-10 18:45:00', '2024-02-22 16:20:00', '+543874567891', NULL, NULL),
  (15, 'Mystia', 'Lorelei', '12494720', 'Night Sparrow 400', '1998-12-03 21:15:00', '2024-03-30 09:45:00', '+543875678902', 3, '33445566'),
  (16, 'Keine', 'Kamishirasawa', '28639054', 'Human Village 500', '1990-11-25 10:30:00', '2024-04-15 11:30:00', '+543876789013', 1, '44556677'),
  (17, 'Tewi', 'Inaba', '17445231', 'Eientei 600', '1985-03-17 08:20:00', '2024-05-20 13:15:00', '+543877890124', 4, '55667788'),
  (18, 'Reisen', 'Udongein', '40127896', 'Eientei 601', '1995-09-09 14:40:00', '2024-06-18 15:45:00', '+543878901235', 2, '66778899'),
  (19, 'Kaguya', 'Houraisan', '31954478', 'Eientei 602', '1982-10-15 16:55:00', '2024-07-25 08:30:00', '+543879012346', 3, '77889900'),
  (20, 'Mokou', 'Fujiwara', '24806123', 'Bamboo Forest 701', '1978-12-30 19:10:00', '2024-08-12 10:00:00', '+543870123457', NULL, NULL);

-- Pacientes últimos 3 meses 2025 (julio-octubre, IDs 21-120)
INSERT INTO "Paciente" ("id", "nombre", "apellido", "dni", "direccion", "fecha_nacimiento", "fecha_registro", "telefono", "id_obra_social", "num_obra_social") VALUES
  (21, 'Carlos', 'Martínez', '35177490', 'Av. San Martín 450', '1985-03-12 10:00:00', '2025-07-05 09:30:00', '+543871234568', 1, '21345678'),
  (22, 'María', 'González', '19683245', 'Calle Belgrano 890', '1990-07-22 14:20:00', '2025-07-08 11:15:00', '+543872345680', 2, '22456789'),
  (23, 'Juan', 'Rodríguez', '42861507', 'Paseo Güemes 234', '1988-11-30 08:45:00', '2025-07-12 10:45:00', '+543873456791', 3, '23567890'),
  (24, 'Ana', 'López', '26394815', 'Av. Sarmiento 567', '1992-04-15 16:30:00', '2025-07-15 14:20:00', '+543874567892', 1, '24678901'),
  (25, 'Pedro', 'Fernández', '38520174', 'Calle Tucumán 123', '1987-09-08 12:10:00', '2025-07-18 08:50:00', '+543875678903', NULL, NULL),
  (26, 'Laura', 'Sánchez', '14736928', 'Av. Rivadavia 789', '1995-01-25 09:35:00', '2025-07-22 13:40:00', '+543876789014', 4, '26890123'),
  (27, 'Diego', 'Ramírez', '31842056', 'Calle Mitre 345', '1983-06-17 15:50:00', '2025-07-25 15:10:00', '+543877890125', 2, '27901234'),
  (28, 'Sofía', 'Torres', '22917463', 'Paseo Balcarce 678', '1991-12-03 11:25:00', '2025-07-28 09:20:00', '+543878901236', 3, '28012345'),
  (29, 'Miguel', 'Flores', '40653821', 'Av. Alem 901', '1986-08-29 13:40:00', '2025-08-02 10:30:00', '+543879012347', 1, '29123456'),
  (30, 'Valentina', 'Romero', '17208594', 'Calle Caseros 234', '1994-02-14 17:15:00', '2025-08-05 14:45:00', '+543870123458', NULL, NULL),
  (31, 'Mateo', 'Benítez', '33425176', 'Av. Córdoba 456', '1989-10-20 10:50:00', '2025-08-08 11:20:00', '+543871234569', 4, '31345678'),
  (32, 'Camila', 'Morales', '25861032', 'Calle Salta 789', '1993-05-07 14:05:00', '2025-08-12 16:15:00', '+543872345681', 2, '32456789'),
  (33, 'Santiago', 'Castro', '41709284', 'Paseo Irigoyen 012', '1984-11-16 08:20:00', '2025-08-15 08:40:00', '+543873456792', 1, '33567890'),
  (34, 'Lucía', 'Vargas', '18976453', 'Av. Pueyrredón 345', '1996-07-28 12:55:00', '2025-08-18 13:25:00', '+543874567893', 3, '34678901'),
  (35, 'Nicolás', 'Herrera', '36142807', 'Calle Jujuy 678', '1982-03-05 16:30:00', '2025-08-22 15:50:00', '+543875678904', NULL, NULL),
  (36, 'Emma', 'Medina', '29584610', 'Av. Entre Ríos 901', '1990-09-19 09:40:00', '2025-08-25 09:10:00', '+543876789015', 4, '36890123'),
  (37, 'Joaquín', 'Silva', '11326748', 'Calle Mendoza 234', '1987-01-11 13:15:00', '2025-08-28 11:35:00', '+543877890126', 2, '37901234'),
  (38, 'Martina', 'Ortiz', '44750192', 'Paseo Libertad 567', '1995-06-23 15:45:00', '2025-09-01 14:20:00', '+543878901237', 1, '38012345'),
  (39, 'Lucas', 'Ruiz', '20135876', 'Av. Santa Fe 890', '1988-12-09 11:00:00', '2025-09-04 10:45:00', '+543879012348', 3, '39123456'),
  (40, 'Isabella', 'Giménez', '37891425', 'Calle San Juan 123', '1992-04-02 14:30:00', '2025-09-07 13:15:00', '+543870123459', NULL, NULL),
  (41, 'Tomás', 'Pereyra', '15604389', 'Av. Corrientes 456', '1985-10-18 08:50:00', '2025-09-10 08:30:00', '+543871234570', 4, '22567890'),
  (42, 'Catalina', 'Acosta', '32478951', 'Calle Lavalle 789', '1991-02-26 12:20:00', '2025-09-13 12:40:00', '+543872345682', 2, '23678901'),
  (43, 'Benjamín', 'Vega', '28016534', 'Paseo Maipú 012', '1986-08-14 16:10:00', '2025-09-16 15:20:00', '+543873456793', 1, '24789012'),
  (44, 'Mía', 'Núñez', '41293706', 'Av. Callao 345', '1994-12-31 10:35:00', '2025-09-19 09:50:00', '+543874567894', 3, '25890123'),
  (45, 'Agustín', 'Ramos', '19752418', 'Calle Rioja 678', '1983-05-20 13:55:00', '2025-09-22 11:10:00', '+543875678905', NULL, NULL),
  (46, 'Renata', 'Cabrera', '36830574', 'Av. Jujuy 901', '1989-11-07 15:25:00', '2025-09-25 14:35:00', '+543876789016', 4, '27012345'),
  (47, 'Felipe', 'Gutiérrez', '24615982', 'Calle Formosa 234', '1992-07-16 09:15:00', '2025-09-28 08:55:00', '+543877890127', 2, '28123456'),
  (48, 'Valeria', 'Molina', '43107268', 'Paseo Chacabuco 567', '1987-01-29 11:40:00', '2025-10-01 10:20:00', '+543878901238', 1, '29234567'),
  (49, 'Sebastián', 'Suárez', '17948325', 'Av. Catamarca 890', '1995-09-04 14:00:00', '2025-07-10 13:30:00', '+543879012349', 3, '30345678'),
  (50, 'Abril', 'Ríos', '30562791', 'Calle Santiago 123', '1984-03-21 08:30:00', '2025-07-14 09:40:00', '+543870123460', NULL, NULL),
  (51, 'Gabriel', 'Villalba', '26389047', 'Av. Neuquén 456', '1990-11-12 12:45:00', '2025-07-17 12:00:00', '+543871234571', 4, '32567890'),
  (52, 'Delfina', 'Paz', '42671503', 'Calle Chubut 789', '1988-06-28 16:20:00', '2025-07-20 15:45:00', '+543872345683', 2, '33678901'),
  (53, 'Matías', 'Luna', '14825619', 'Paseo Río Negro 012', '1993-02-10 10:05:00', '2025-07-23 10:15:00', '+543873456794', 1, '34789012'),
  (54, 'Julieta', 'Mendoza', '38940175', 'Av. La Pampa 345', '1986-08-23 13:35:00', '2025-07-27 13:50:00', '+543874567895', 3, '35890123'),
  (55, 'Thiago', 'Cáceres', '21704832', 'Calle Misiones 678', '1991-12-17 15:50:00', '2025-07-30 14:25:00', '+543875678906', NULL, NULL),
  (56, 'Olivia', 'Ponce', '35278946', 'Av. Santa Cruz 901', '1985-04-06 09:20:00', '2025-08-03 09:05:00', '+543876789017', 4, '37012345'),
  (57, 'Bautista', 'Coronel', '29851604', 'Calle Tierra del Fuego 234', '1994-10-25 11:50:00', '2025-08-06 11:45:00', '+543877890128', 2, '38123456'),
  (58, 'Bianca', 'Arias', '44613027', 'Paseo La Rioja 567', '1989-05-13 14:15:00', '2025-08-10 14:00:00', '+543878901239', 1, '39234567'),
  (59, 'Lorenzo', 'Navarro', '13427589', 'Av. San Luis 890', '1992-01-02 08:45:00', '2025-08-13 08:20:00', '+543879012350', 3, '21567890'),
  (60, 'Alma', 'Rojas', '31086734', 'Calle Corrientes 123', '1987-07-19 12:10:00', '2025-08-17 12:30:00', '+543870123461', NULL, NULL),
  (61, 'Dante', 'Blanco', '25549601', 'Av. Chaco 456', '1995-03-08 15:30:00', '2025-08-20 15:15:00', '+543871234572', 4, '23789012'),
  (62, 'Nina', 'Garay', '40732158', 'Calle Catamarca 789', '1984-09-27 09:55:00', '2025-08-23 09:35:00', '+543872345684', 2, '24890123'),
  (63, 'Lautaro', 'Sosa', '18297463', 'Paseo Tucumán 012', '1990-02-15 11:25:00', '2025-08-27 11:00:00', '+543873456795', 1, '25901234'),
  (64, 'Emilia', 'Figueroa', '36841520', 'Av. Salta 345', '1988-08-31 14:40:00', '2025-08-30 14:50:00', '+543874567896', 3, '26012345'),
  (65, 'Bruno', 'Maldonado', '22953687', 'Calle Jujuy 678', '1993-12-20 08:10:00', '2025-09-02 08:45:00', '+543875678907', NULL, NULL),
  (66, 'Jazmín', 'Vera', '41568904', 'Av. Formosa 901', '1986-06-09 10:40:00', '2025-09-05 10:55:00', '+543876789018', 4, '28234567'),
  (67, 'Ian', 'Campos', '16720341', 'Calle Mendoza 234', '1991-10-28 13:00:00', '2025-09-08 13:05:00', '+543877890129', 2, '29345678'),
  (68, 'Victoria', 'Bustamante', '34182976', 'Paseo San Juan 567', '1985-04-17 15:20:00', '2025-09-11 15:30:00', '+543878901240', 1, '30456789'),
  (69, 'Axel', 'Ibáñez', '29647152', 'Av. Santiago 890', '1994-08-05 09:50:00', '2025-09-14 09:15:00', '+543879012351', 3, '31567890'),
  (70, 'Amanda', 'Quintero', '43905618', 'Calle Entre Ríos 123', '1989-02-23 12:15:00', '2025-09-17 12:25:00', '+543870123462', NULL, NULL),
  (71, 'Franco', 'Ledesma', '11549837', 'Av. Córdoba 456', '1992-06-11 14:35:00', '2025-09-20 14:40:00', '+543871234573', 4, '33789012'),
  (72, 'Lola', 'Miranda', '38214765', 'Calle Santa Fe 789', '1987-11-29 08:00:00', '2025-09-23 08:25:00', '+543872345685', 2, '34890123'),
  (73, 'Gonzalo', 'Domínguez', '20697342', 'Paseo Buenos Aires 012', '1995-05-18 10:30:00', '2025-09-26 10:50:00', '+543873456796', 1, '35901234'),
  (74, 'Candela', 'Peralta', '35821609', 'Av. Rosario 345', '1984-09-06 13:50:00', '2025-09-29 13:20:00', '+543874567897', 3, '36012345'),
  (75, 'Elías', 'Carrizo', '27463951', 'Calle La Plata 678', '1990-01-24 16:10:00', '2025-07-11 16:00:00', '+543875678908', NULL, NULL),
  (76, 'Constanza', 'Godoy', '42086517', 'Av. Paraná 901', '1988-07-13 09:35:00', '2025-07-16 09:20:00', '+543876789019', 4, '38234567'),
  (77, 'Facundo', 'Cardozo', '15730294', 'Calle Resistencia 234', '1993-11-01 11:55:00', '2025-07-19 11:40:00', '+543877890130', 2, '39345678'),
  (78, 'Milagros', 'Escobar', '31954826', 'Paseo Posadas 567', '1986-03-22 14:20:00', '2025-07-24 14:10:00', '+543878901241', 1, '21678901'),
  (79, 'Ignacio', 'Aguirre', '26478103', 'Av. Corrientes 890', '1991-09-10 08:40:00', '2025-07-26 08:50:00', '+543879012352', 3, '22789012'),
  (80, 'Agustina', 'Zamora', '44802571', 'Calle Formosa 123', '1985-01-28 11:05:00', '2025-07-29 11:15:00', '+543870123463', NULL, NULL),
  (81, 'Maximiliano', 'Cortés', '19315746', 'Av. Resistencia 456', '1994-07-17 13:30:00', '2025-08-01 13:45:00', '+543871234574', 4, '24901234'),
  (82, 'Paula', 'Palacios', '37520198', 'Calle Neuquén 789', '1989-12-05 15:45:00', '2025-08-04 15:55:00', '+543872345686', 2, '25012345'),
  (83, 'Lisandro', 'Gómez', '24637452', 'Paseo Río Negro 012', '1992-04-24 09:10:00', '2025-08-07 09:00:00', '+543873456797', 1, '26123456'),
  (84, 'Rocío', 'Maidana', '40891635', 'Av. Chubut 345', '1987-10-12 11:40:00', '2025-08-11 11:30:00', '+543874567898', 3, '27234567'),
  (85, 'Ezequiel', 'Ojeda', '13742089', 'Calle La Pampa 678', '1995-02-01 14:00:00', '2025-08-14 14:15:00', '+543875678909', NULL, NULL),
  (86, 'Guadalupe', 'Salazar', '30168527', 'Av. Santa Cruz 901', '1984-08-20 08:25:00', '2025-08-19 08:35:00', '+543876789020', 4, '29456789'),
  (87, 'Ramiro', 'Ayala', '28403971', 'Calle Misiones 234', '1990-12-09 10:50:00', '2025-08-21 10:40:00', '+543877890131', 2, '30567890'),
  (88, 'Florencia', 'Cuello', '43650184', 'Paseo Tierra del Fuego 567', '1988-05-28 13:15:00', '2025-08-24 13:00:00', '+543878901242', 1, '31678901'),
  (89, 'Alejo', 'Benítez', '16925738', 'Av. La Rioja 890', '1993-09-16 15:35:00', '2025-08-26 15:25:00', '+543879012353', 3, '32789012'),
  (90, 'Antonella', 'Rivero', '35381604', 'Calle San Luis 123', '1986-01-05 09:00:00', '2025-08-29 09:10:00', '+543870123464', NULL, NULL),
  (91, 'Tobías', 'Benitez', '22549870', 'Av. Catamarca 456', '1991-07-25 11:20:00', '2025-09-03 11:25:00', '+543871234575', 4, '34901234'),
  (92, 'Brisa', 'Acuña', '41796025', 'Calle Chaco 789', '1985-11-13 13:45:00', '2025-09-06 13:35:00', '+543872345687', 2, '35012345'),
  (93, 'Santino', 'Franco', '18274936', 'Paseo Corrientes 012', '1994-03-03 16:05:00', '2025-09-09 16:10:00', '+543873456798', 1, '36123456'),
  (94, 'Malena', 'Ferreyra', '36518742', 'Av. Tucumán 345', '1989-09-21 08:35:00', '2025-09-12 08:40:00', '+543874567899', 3, '37234567'),
  (95, 'Adrián', 'López', '25093687', 'Calle Salta 678', '1992-01-10 10:55:00', '2025-09-15 10:45:00', '+543875678910', NULL, NULL),
  (96, 'Celeste', 'Díaz', '42761453', 'Av. Jujuy 901', '1987-07-29 13:20:00', '2025-09-18 13:10:00', '+543876789021', 4, '39456789'),
  (97, 'Mauro', 'Barrios', '14896320', 'Calle Formosa 234', '1995-11-17 15:40:00', '2025-09-21 15:50:00', '+543877890132', 2, '21789012'),
  (98, 'Abril', 'Cabral', '31427968', 'Paseo Mendoza 567', '1984-05-07 09:05:00', '2025-09-24 09:00:00', '+543878901243', 1, '22890123'),
  (99, 'Leonel', 'Montenegro', '27580314', 'Av. San Juan 890', '1990-10-26 11:30:00', '2025-09-27 11:20:00', '+543879012354', 3, '23901234'),
  (100, 'Jazmín', 'Soria', '44635801', 'Calle Entre Ríos 123', '1988-02-14 13:50:00', '2025-09-30 13:55:00', '+543870123465', NULL, NULL),
  (101, 'Emiliano', 'Leiva', '12704589', 'Av. Córdoba 456', '1993-08-03 16:15:00', '2025-07-13 16:05:00', '+543871234576', 4, '25123456'),
  (102, 'Micaela', 'Ramírez', '39281746', 'Calle Santa Fe 789', '1986-12-22 08:40:00', '2025-07-21 08:30:00', '+543872345688', 2, '26234567'),
  (103, 'Tiziano', 'Gil', '21849603', 'Paseo Buenos Aires 012', '1991-04-11 11:00:00', '2025-08-09 11:10:00', '+543873456799', 1, '27345678'),
  (104, 'Julieta', 'Silva', '40156972', 'Av. Rosario 345', '1985-10-30 13:25:00', '2025-08-16 13:40:00', '+543874567800', 3, '28456789'),
  (105, 'Joaquín', 'Castro', '17932485', 'Calle La Plata 678', '1994-02-18 15:50:00', '2025-08-31 15:35:00', '+543875678911', NULL, NULL),
  (106, 'Pilar', 'Medina', '35604127', 'Av. Paraná 901', '1989-08-07 09:15:00', '2025-09-12 09:25:00', '+543876789022', 4, '30678901'),
  (107, 'Nahuel', 'Ortega', '29418763', 'Calle Resistencia 234', '1992-12-26 11:35:00', '2025-09-18 11:50:00', '+543877890133', 2, '31789012'),
  (108, 'Magalí', 'Pereyra', '43762098', 'Paseo Posadas 567', '1987-06-15 14:05:00', '2025-09-23 14:20:00', '+543878901244', 1, '32890123'),
  (109, 'Laureano', 'Vázquez', '16205834', 'Av. Corrientes 890', '1995-10-04 08:30:00', '2025-09-28 08:15:00', '+543879012355', 3, '33901234'),
  (110, 'Aldana', 'Aguirre', '34570961', 'Calle Formosa 123', '1984-03-24 10:45:00', '2025-10-01 10:30:00', '+543870123466', NULL, NULL),
  (111, 'Benjamín', 'Paredes', '26839527', 'Av. Resistencia 456', '1990-09-12 13:10:00', '2025-07-09 13:00:00', '+543871234577', 4, '35234567'),
  (112, 'Sol', 'Quiroga', '42094683', 'Calle Neuquén 789', '1988-01-01 15:30:00', '2025-07-15 15:20:00', '+543872345689', 2, '36345678'),
  (113, 'Uriel', 'Velázquez', '15761349', 'Paseo Río Negro 012', '1993-06-20 09:50:00', '2025-07-22 09:45:00', '+543873456700', 1, '37456789'),
  (114, 'Martina', 'Sandoval', '38920465', 'Av. Chubut 345', '1986-11-08 12:20:00', '2025-07-28 12:10:00', '+543874567801', 3, '38567890'),
  (115, 'Valentino', 'Romero', '23487901', 'Calle La Pampa 678', '1991-03-29 14:40:00', '2025-08-05 14:30:00', '+543875678912', NULL, NULL),
  (116, 'Luciana', 'Figueroa', '41658237', 'Av. Santa Cruz 901', '1985-09-17 08:55:00', '2025-08-15 08:55:00', '+543876789023', 4, '21890123'),
  (117, 'Tomás', 'Navarro', '19234576', 'Calle Misiones 234', '1994-01-06 11:15:00', '2025-08-25 11:05:00', '+543877890134', 2, '22901234'),
  (118, 'Agostina', 'Herrera', '36702914', 'Paseo Tierra del Fuego 567', '1989-07-26 13:40:00', '2025-09-04 13:30:00', '+543878901245', 1, '23012345'),
  (119, 'Luca', 'Molina', '28516348', 'Av. La Rioja 890', '1992-11-14 16:00:00', '2025-09-14 16:15:00', '+543879012356', 3, '24123456'),
  (120, 'Regina', 'Suárez', '44871620', 'Calle San Luis 123', '1987-05-03 10:25:00', '2025-09-24 10:20:00', '+543870123467', NULL, NULL);

ALTER SEQUENCE "Paciente_id_seq" RESTART WITH 121;
-- Pacientes históricos 2023-2025 (200 pacientes adicionales)
INSERT INTO "Paciente" ("nombre", "apellido", "dni", "direccion", "fecha_nacimiento", "fecha_registro", "telefono", "id_obra_social", "num_obra_social") VALUES
('Roberto', 'Álvarez', '20456789', 'Calle España 234', '1980-03-15 10:00:00', '2023-01-12 09:30:00', '+543871234580', 1, '20456789'),
('Patricia', 'Moreno', '31045972', 'Av. Italia 567', '1985-07-22 14:20:00', '2023-01-25 11:15:00', '+543872345691', 2, '21567890'),
('Fernando', 'Ríos', '17398456', 'Paseo Francia 890', '1978-11-08 08:45:00', '2023-02-08 10:45:00', '+543873456702', NULL, NULL),
('Gabriela', 'Silva', '42681305', 'Calle Alemania 123', '1992-05-14 16:30:00', '2023-02-18 14:20:00', '+543874567813', 3, '23789012'),
('Andrés', 'Paz', '26534817', 'Av. Portugal 456', '1987-09-30 12:10:00', '2023-03-05 08:50:00', '+543875678924', 1, '24890123'),
('Verónica', 'Luna', '39172648', 'Calle Suiza 789', '1995-01-18 09:35:00', '2023-03-22 13:40:00', '+543876789035', 4, '25901234'),
('Gustavo', 'Campos', '14806293', 'Paseo Holanda 012', '1983-06-25 15:50:00', '2023-04-10 15:10:00', '+543877890146', 2, '26012345'),
('Mercedes', 'Vega', '33451076', 'Av. Bélgica 345', '1991-12-11 11:25:00', '2023-04-28 09:20:00', '+543878901257', NULL, NULL),
('Rodrigo', 'Carrizo', '21687532', 'Calle Austria 678', '1986-08-03 13:40:00', '2023-05-15 10:30:00', '+543879012368', 3, '28234567'),
('Carolina', 'Medina', '40923164', 'Av. Dinamarca 901', '1994-02-20 17:15:00', '2023-05-30 14:45:00', '+543870123479', 1, '29345678'),
('Héctor', 'Romero', '18254897', 'Paseo Noruega 234', '1989-10-07 10:50:00', '2023-06-12 11:20:00', '+543871234580', 4, '30456789'),
('Daniela', 'Benítez', '35607241', 'Calle Suecia 567', '1993-05-24 14:05:00', '2023-06-28 16:15:00', '+543872345691', 2, '31567890'),
('Cristian', 'Herrera', '29418605', 'Av. Finlandia 890', '1984-11-19 08:20:00', '2023-07-08 08:40:00', '+543873456702', NULL, NULL),
('Silvia', 'Aguirre', '43791258', 'Paseo Polonia 123', '1996-07-06 12:55:00', '2023-07-25 13:25:00', '+543874567813', 3, '33789012'),
('Marcelo', 'Castro', '16935720', 'Calle Grecia 456', '1982-03-23 16:30:00', '2023-08-10 15:50:00', '+543875678924', 1, '34890123'),
('Liliana', 'Peralta', '32508674', 'Av. Turquía 789', '1990-09-10 09:40:00', '2023-08-28 09:10:00', '+543876789035', 4, '35901234'),
('Alberto', 'Sosa', '24761093', 'Paseo Irlanda 012', '1987-01-28 13:15:00', '2023-09-12 11:35:00', '+543877890146', 2, '36012345'),
('Mariana', 'Figueroa', '41026847', 'Calle Hungría 345', '1995-06-15 15:45:00', '2023-09-30 14:20:00', '+543878901257', NULL, NULL),
('Jorge', 'Quintero', '19342586', 'Av. Hungría 901', '1988-12-01 11:00:00', '2023-10-15 10:45:00', '+543879012368', 3, '38234567'),
('Claudia', 'Rojas', '37684201', 'Paseo Escocia 901', '1992-04-18 14:30:00', '2023-10-30 13:15:00', '+543870123479', 1, '39345678'),
('Pablo', 'Maldonado', '28951463', 'Calle Croacia 234', '1985-10-05 08:50:00', '2023-11-08 08:30:00', '+543871234580', 4, '20567890'),
('Natalia', 'Vera', '44207695', 'Av. Serbia 567', '1991-02-22 12:20:00', '2023-11-22 12:40:00', '+543872345691', 2, '21678901'),
('Ricardo', 'Ibáñez', '15673829', 'Paseo Bulgaria 890', '1986-08-09 16:10:00', '2023-12-05 15:20:00', '+543873456702', NULL, NULL),
('Mónica', 'Coronel', '33819574', 'Calle Rumania 123', '1994-12-27 10:35:00', '2023-12-18 09:50:00', '+543874567813', 3, '23890123'),
('Eduardo', 'Ledesma', '22405186', 'Av. Eslovenia 456', '1983-05-14 13:55:00', '2023-01-30 11:10:00', '+543875678924', 1, '24901234'),
('Beatriz', 'Godoy', '40562937', 'Paseo Estonia 789', '1989-11-01 15:25:00', '2023-02-14 14:35:00', '+543876789035', 4, '25012345'),
('Osvaldo', 'Cardozo', '17938460', 'Calle Letonia 012', '1992-07-19 09:15:00', '2023-03-02 08:55:00', '+543877890146', 2, '26123456'),
('Adriana', 'Escobar', '36204751', 'Av. Lituania 345', '1987-01-06 11:40:00', '2023-03-18 10:20:00', '+543878901257', NULL, NULL),
('Walter', 'Miranda', '25716398', 'Paseo Chequia 678', '1995-09-23 14:00:00', '2023-04-05 13:30:00', '+543879012368', 3, '28345678'),
('Graciela', 'Zamora', '43085624', 'Calle Eslovaquia 901', '1984-03-11 08:30:00', '2023-04-20 09:40:00', '+543870123479', 1, '29456789'),
('Rubén', 'Cortés', '14629803', 'Av. Albania 234', '1990-11-28 12:45:00', '2023-05-08 12:00:00', '+543871234580', 4, '30567890'),
('Estela', 'Palacios', '31897256', 'Paseo Bosnia 567', '1988-06-16 16:20:00', '2023-05-25 15:45:00', '+543872345691', 2, '31678901'),
('Raúl', 'Domínguez', '27540619', 'Calle Macedonia 890', '1993-02-03 10:05:00', '2023-06-10 10:15:00', '+543873456702', NULL, NULL),
('Sandra', 'Maidana', '42163078', 'Av. Montenegro 123', '1986-08-20 13:35:00', '2023-06-28 13:50:00', '+543874567813', 3, '33890123'),
('Néstor', 'Ojeda', '19705342', 'Paseo Islandia 456', '1991-12-08 15:50:00', '2023-07-15 14:25:00', '+543875678924', 1, '34901234'),
('Miriam', 'Salazar', '38271605', 'Calle Chipre 789', '1985-04-26 09:20:00', '2023-07-30 09:05:00', '+543876789035', 4, '35012345'),
('Julio', 'Ayala', '26548917', 'Av. Malta 012', '1994-10-13 11:50:00', '2023-08-18 11:45:00', '+543877890146', 2, '36123456'),
('Teresa', 'Cuello', '44920163', 'Paseo Luxemburgo 345', '1989-05-01 14:15:00', '2023-09-05 14:00:00', '+543878901257', NULL, NULL),
('César', 'Rivero', '13086754', 'Calle Mónaco 678', '1992-01-19 08:45:00', '2023-09-22 08:20:00', '+543879012368', 3, '38345678'),
('Gloria', 'Acuña', '30642895', 'Av. Andorra 901', '1987-07-07 12:10:00', '2023-10-10 12:30:00', '+543870123479', 1, '39456789'),
('Felipe', 'Franco', '23917506', 'Paseo San Marino 234', '1995-03-25 15:30:00', '2024-01-08 15:15:00', '+543871234580', 4, '20678901'),
('Elena', 'Ferreyra', '41503268', 'Calle Vaticano 567', '1984-09-12 09:55:00', '2024-01-20 09:35:00', '+543872345691', 2, '21789012'),
('Gerardo', 'Barrios', '18764932', 'Av. Liechtenstein 890', '1990-02-28 11:25:00', '2024-02-05 11:00:00', '+543873456702', NULL, NULL),
('Viviana', 'Cabral', '35298641', 'Paseo Bielorrusia 123', '1988-08-16 14:40:00', '2024-02-18 14:50:00', '+543874567813', 3, '23901234'),
('Armando', 'Montenegro', '29621047', 'Calle Moldavia 456', '1993-12-03 08:10:00', '2024-03-05 08:45:00', '+543875678924', 1, '24012345'),
('Irene', 'Gil', '43852109', 'Av. Ucrania 789', '1986-06-21 10:40:00', '2024-03-22 10:55:00', '+543876789035', 4, '25123456'),
('Sergio', 'Leiva', '16439785', 'Paseo Georgia 012', '1991-10-09 13:00:00', '2024-04-08 13:05:00', '+543877890146', 2, '26234567'),
('Norma', 'Ortega', '32706548', 'Calle Armenia 345', '1985-04-27 15:20:00', '2024-04-25 15:30:00', '+543878901257', NULL, NULL),
('Horacio', 'Vázquez', '27153906', 'Av. Azerbaiyán 678', '1994-08-14 09:50:00', '2024-05-10 09:15:00', '+543879012368', 3, '28456789'),
('Alicia', 'Paredes', '40819374', 'Paseo Kazajistán 901', '1989-02-01 12:15:00', '2024-05-28 12:25:00', '+543870123479', 1, '29567890'),
('Mario', 'Quiroga', '21487562', 'Calle Uzbekistán 234', '1992-06-19 14:35:00', '2024-06-12 14:40:00', '+543871234580', 4, '30678901'),
('Rosa', 'Velázquez', '37945128', 'Av. Turkmenistán 567', '1987-11-07 08:00:00', '2024-06-30 08:25:00', '+543872345691', 2, '31789012'),
('Luis', 'Sandoval', '25608913', 'Paseo Kirguistán 890', '1995-05-25 10:30:00', '2024-07-15 10:50:00', '+543873456702', NULL, NULL),
('Isabel', 'Navarro', '44172360', 'Calle Tayikistán 123', '1984-09-12 13:50:00', '2024-07-30 13:20:00', '+543874567813', 3, '33901234'),
('Óscar', 'Pereyra', '12930487', 'Av. Mongolia 456', '1990-01-30 16:10:00', '2024-08-18 16:00:00', '+543875678924', 1, '34012345'),
('Susana', 'Molina', '31046729', 'Paseo Afganistán 789', '1988-07-18 09:35:00', '2024-09-05 09:20:00', '+543876789035', 4, '35123456'),
('Enrique', 'Suárez', '26374851', 'Calle Pakistán 012', '1993-11-05 11:55:00', '2024-09-22 11:40:00', '+543877890146', 2, '36234567'),
('Marta', 'Gutiérrez', '42608195', 'Av. Bangladesh 345', '1986-03-24 14:20:00', '2024-10-10 14:10:00', '+543878901257', NULL, NULL),
('Alfredo', 'Cáceres', '19751063', 'Paseo Sri Lanka 678', '1991-09-11 08:40:00', '2024-10-28 08:50:00', '+543879012368', 3, '38456789'),
('Liliana', 'Ponce', '38296547', 'Calle Nepal 901', '1985-01-29 11:05:00', '2024-11-12 11:15:00', '+543870123479', 1, '39567890'),
('Víctor', 'Arias', '24618902', 'Av. Bután 234', '1994-07-17 13:30:00', '2024-11-30 13:45:00', '+543871234580', 4, '20789012'),
('Nora', 'Blanco', '41083726', 'Paseo Maldivas 567', '1989-12-05 15:45:00', '2024-12-15 15:55:00', '+543872345691', 2, '21890123'),
('Raúl', 'Garay', '17429358', 'Calle Tailandia 890', '1992-04-23 09:10:00', '2024-01-12 09:00:00', '+543873456702', NULL, NULL),
('Carmen', 'Bustamante', '35761904', 'Av. Vietnam 123', '1987-10-11 11:40:00', '2024-01-28 11:30:00', '+543874567813', 3, '23012345'),
('Dante', 'Giménez', '29184567', 'Paseo Camboya 456', '1995-02-28 14:00:00', '2024-02-10 14:15:00', '+543875678924', 1, '24123456'),
('Olga', 'Acosta', '43540192', 'Calle Laos 789', '1984-08-16 08:25:00', '2024-02-25 08:35:00', '+543876789035', 4, '25234567'),
('Bruno', 'Villalba', '16207843', 'Av. Myanmar 012', '1990-12-04 10:50:00', '2024-03-12 10:40:00', '+543877890146', 2, '26345678'),
('Elsa', 'Ramos', '32869501', 'Paseo Malasia 345', '1988-05-22 13:15:00', '2024-03-30 13:00:00', '+543878901257', NULL, NULL),
('Omar', 'Cabrera', '27401658', 'Calle Singapur 678', '1993-09-09 15:35:00', '2024-04-15 15:25:00', '+543879012368', 3, '28567890'),
('Dora', 'Núñez', '40725913', 'Av. Indonesia 901', '1986-01-27 09:00:00', '2024-05-02 09:10:00', '+543870123479', 1, '29678901'),
('Hugo', 'Flores', '21967384', 'Paseo Filipinas 234', '1991-07-15 11:20:00', '2024-05-20 11:25:00', '+543871234580', 4, '30789012'),
('Lidia', 'Torres', '38154076', 'Calle Brunéi 567', '1985-11-02 13:45:00', '2024-06-08 13:35:00', '+543872345691', 2, '31890123'),
('Ernesto', 'López', '25683491', 'Av. Timor Oriental 890', '1994-03-21 16:05:00', '2024-06-25 16:10:00', '+543873456702', NULL, NULL),
('Cecilia', 'Fernández', '44390527', 'Paseo Japón 123', '1989-09-08 08:35:00', '2024-07-12 08:40:00', '+543874567813', 3, '33012345'),
('Simón', 'Sánchez', '13754609', 'Calle Corea del Sur 456', '1992-01-26 10:55:00', '2024-07-30 10:45:00', '+543875678924', 1, '34123456'),
('Angela', 'Ramírez', '30916842', 'Av. Taiwán 789', '1987-07-14 13:20:00', '2024-08-15 13:10:00', '+543876789035', 4, '35234567'),
('Esteban', 'Martínez', '26542170', 'Paseo Hong Kong 012', '1995-11-01 15:40:00', '2024-09-02 15:50:00', '+543877890146', 2, '36345678'),
('Fabiana', 'González', '42807356', 'Calle Macao 345', '1984-05-20 09:05:00', '2024-09-20 09:00:00', '+543878901257', NULL, NULL),
('Guillermo', 'Rodríguez', '19038724', 'Av. China 678', '1990-10-08 11:30:00', '2024-10-08 11:20:00', '+543879012368', 3, '38567890'),
('Inés', 'Díaz', '37519408', 'Paseo Australia 901', '1988-02-25 13:50:00', '2024-10-25 13:55:00', '+543870123479', 1, '39678901'),
('Claudio', 'Vargas', '24870651', 'Calle Nueva Zelanda 234', '1993-08-13 16:15:00', '2024-11-10 16:05:00', '+543871234580', 4, '20890123'),
('Angélica', 'Morales', '41234907', 'Av. Papúa 567', '1986-12-31 08:40:00', '2024-11-28 08:30:00', '+543872345691', 2, '21901234'),
('Orlando', 'Castro', '18601273', 'Paseo Fiyi 890', '1991-04-19 11:00:00', '2024-12-12 11:10:00', '+543873456702', NULL, NULL),
('Sonia', 'Herrera', '35947286', 'Calle Samoa 123', '1985-10-07 13:25:00', '2024-12-28 13:40:00', '+543874567813', 3, '23123456'),
('Raúl', 'Vargas', '29513840', 'Av. Tonga 456', '1994-02-24 15:50:00', '2024-01-15 15:35:00', '+543875678924', 1, '24234567'),
('Blanca', 'Medina', '43820651', 'Paseo Vanuatu 789', '1989-08-12 09:15:00', '2024-02-02 09:05:00', '+543876789035', 4, '25345678'),
('Tomás', 'Ortiz', '16974203', 'Calle Kiribati 012', '1992-12-30 11:35:00', '2024-02-20 11:50:00', '+543877890146', 2, '26456789'),
('Gladys', 'Ruiz', '34158796', 'Av. Micronesia 345', '1987-06-18 14:05:00', '2024-03-08 14:20:00', '+543878901257', NULL, NULL),
('Leandro', 'Silva', '28420591', 'Paseo Palau 678', '1995-10-06 08:30:00', '2024-03-25 08:15:00', '+543879012368', 3, '28678901'),
('Karina', 'Gómez', '42693178', 'Calle Nauru 901', '1984-03-25 10:45:00', '2024-04-12 10:30:00', '+543870123479', 1, '29789012'),
('Ramón', 'Mendoza', '20837465', 'Av. Tuvalu 234', '1990-09-12 13:10:00', '2024-04-30 13:00:00', '+543871234580', 4, '30890123'),
('Marisa', 'Acosta', '39104827', 'Paseo Marshall 567', '1988-01-30 15:30:00', '2024-05-15 15:20:00', '+543872345691', 2, '31901234'),
('Ignacio', 'Benítez', '25678310', 'Calle Islas Salomón 890', '1993-07-18 09:50:00', '2024-06-02 09:45:00', '+543873456702', NULL, NULL),
('Stella', 'Peralta', '44251963', 'Av. Namibia 123', '1986-11-06 12:20:00', '2024-06-20 12:10:00', '+543874567813', 3, '33123456'),
('Emilio', 'Sosa', '13906542', 'Paseo Botsuana 456', '1991-03-25 14:40:00', '2024-07-08 14:30:00', '+543875678924', 1, '34234567'),
('Lucía', 'Figueroa', '31742068', 'Calle Zimbabue 789', '1985-09-13 08:55:00', '2024-07-25 08:55:00', '+543876789035', 4, '35345678'),
('Abel', 'Quintero', '27086915', 'Av. Zambia 012', '1994-01-31 11:15:00', '2024-08-12 11:05:00', '+543877890146', 2, '36456789'),
('Cristina', 'Rojas', '40528374', 'Paseo Malaui 345', '1989-07-20 13:40:00', '2024-08-30 13:30:00', '+543878901257', NULL, NULL),
('Martín', 'Maldonado', '22914650', 'Calle Tanzania 678', '1992-11-07 16:00:00', '2024-09-15 16:15:00', '+543879012368', 3, '38678901'),
('Diana', 'Vera', '38460192', 'Av. Kenia 901', '1987-05-26 10:25:00', '2025-01-10 10:20:00', '+543870123479', 1, '39789012'),
('Gonzalo', 'Ibáñez', '15627308', 'Paseo Uganda 234', '1995-09-13 12:50:00', '2025-01-25 12:45:00', '+543871234580', 4, '20901234'),
('Yolanda', 'Coronel', '33091784', 'Calle Ruanda 567', '1984-01-01 15:10:00', '2025-02-08 15:00:00', '+543872345691', 2, '21012345'),
('Adrián', 'Ledesma', '26748015', 'Av. Burundi 890', '1990-07-20 09:40:00', '2025-02-22 09:30:00', '+543873456702', NULL, NULL),
('Paola', 'Godoy', '44203651', 'Paseo Etiopía 123', '1988-11-08 12:00:00', '2025-03-10 12:10:00', '+543874567813', 3, '23234567'),
('Iván', 'Cardozo', '19584926', 'Calle Somalia 456', '1993-05-27 14:25:00', '2025-03-28 14:35:00', '+543875678924', 1, '24345678'),
('Lorena', 'Escobar', '37316742', 'Av. Yibuti 789', '1986-09-14 08:45:00', '2025-04-12 08:40:00', '+543876789035', 4, '25456789'),
('Mauro', 'Miranda', '24957803', 'Paseo Eritrea 012', '1991-01-02 11:10:00', '2025-04-30 11:00:00', '+543877890146', 2, '26567890'),
('Regina', 'Zamora', '42183069', 'Calle Sudán 345', '1985-07-21 13:35:00', '2025-05-15 13:25:00', '+543878901257', NULL, NULL),
('Facundo', 'Cortés', '18729435', 'Av. Sudán del Sur 678', '1994-11-09 15:55:00', '2025-05-30 15:50:00', '+543879012368', 3, '28789012'),
('Vanesa', 'Palacios', '35064817', 'Paseo Chad 901', '1989-03-28 10:20:00', '2025-06-15 10:15:00', '+543870123479', 1, '29890123'),
('Leonardo', 'Domínguez', '29831574', 'Calle República Centroafricana 234', '1992-09-15 12:45:00', '2025-06-30 12:40:00', '+543871234580', 4, '30901234'),
('Cynthia', 'Maidana', '43507296', 'Av. Camerún 567', '1987-01-03 15:05:00', '2025-07-18 15:10:00', '+543872345691', 2, '31012345'),
('Maximiliano', 'Ojeda', '16940821', 'Paseo Guinea 890', '1995-07-22 09:35:00', '2025-08-05 09:25:00', '+543873456702', NULL, NULL),
('Romina', 'Salazar', '32176508', 'Calle Senegal 123', '1984-11-10 11:55:00', '2025-08-22 11:50:00', '+543874567813', 3, '33234567'),
('Damián', 'Ayala', '27604139', 'Av. Gambia 456', '1990-05-29 14:20:00', '2025-09-08 14:15:00', '+543875678924', 1, '34345678'),
('Roxana', 'Cuello', '41852673', 'Paseo Guinea-Bissau 789', '1988-09-16 08:40:00', '2025-09-25 08:35:00', '+543876789035', 4, '35456789'),
('Nicolás', 'Rivero', '20438956', 'Calle Sierra Leona 012', '1993-01-04 11:05:00', '2025-10-01 11:00:00', '+543877890146', 2, '36567890'),
('Pamela', 'Acuña', '38697204', 'Av. Liberia 345', '1986-07-23 13:30:00', '2025-01-18 13:20:00', '+543878901257', NULL, NULL),
('Germán', 'Franco', '25174830', 'Paseo Costa de Marfil 678', '1991-11-11 15:50:00', '2025-02-05 15:45:00', '+543879012368', 3, '38789012'),
('Carla', 'Ferreyra', '44029517', 'Calle Ghana 901', '1985-03-30 10:15:00', '2025-02-20 10:10:00', '+543870123479', 1, '39890123'),
('Alexis', 'Barrios', '14863291', 'Av. Togo 234', '1994-09-17 12:40:00', '2025-03-08 12:35:00', '+543871234580', 4, '20012345'),
('Silvina', 'Cabral', '31520478', 'Paseo Benín 567', '1989-01-06 15:00:00', '2025-03-25 14:55:00', '+543872345691', 2, '21123456'),
('Gastón', 'Montenegro', '26897135', 'Calle Nigeria 890', '1992-07-25 09:25:00', '2025-04-10 09:20:00', '+543873456702', NULL, NULL),
('Valeria', 'Gil', '43265809', 'Av. Níger 123', '1987-11-13 11:50:00', '2025-04-28 11:45:00', '+543874567813', 3, '23345678'),
('Ezequiel', 'Leiva', '19736542', 'Paseo Burkina Faso 456', '1995-05-02 14:10:00', '2025-05-12 14:05:00', '+543875678924', 1, '24456789'),
('Débora', 'Ortega', '37408916', 'Calle Malí 789', '1984-09-20 08:35:00', '2025-05-30 08:30:00', '+543876789035', 4, '25567890'),
('Jonathan', 'Vázquez', '24561370', 'Av. Mauritania 012', '1990-01-08 11:00:00', '2025-06-15 10:55:00', '+543877890146', 2, '26678901'),
('Jimena', 'Paredes', '42095784', 'Paseo Cabo Verde 345', '1988-07-27 13:20:00', '2025-06-30 13:15:00', '+543878901257', NULL, NULL),
('Emanuel', 'Quiroga', '18927403', 'Calle Santo Tomé 678', '1993-11-15 15:45:00', '2025-07-18 15:40:00', '+543879012368', 3, '28890123'),
('Tamara', 'Velázquez', '35803621', 'Av. Guinea Ecuatorial 901', '1986-03-04 10:10:00', '2025-08-05 10:05:00', '+543870123479', 1, '29901234'),
('Cristóbal', 'Sandoval', '29471058', 'Paseo Gabón 234', '1991-09-22 12:30:00', '2025-08-22 12:25:00', '+543871234580', 4, '30012345'),
('Leticia', 'Navarro', '43638174', 'Calle República del Congo 567', '1985-01-11 14:55:00', '2025-09-08 14:50:00', '+543872345691', 2, '31123456'),
('Matías', 'Pereyra', '17094526', 'Av. Rep. Democrática del Congo 890', '1994-07-30 09:20:00', '2025-09-25 09:15:00', '+543873456702', NULL, NULL),
('Gisela', 'Molina', '34751982', 'Paseo Angola 123', '1989-11-18 11:40:00', '2025-10-01 11:35:00', '+543874567813', 3, '33345678'),
('Hernán', 'Suárez', '28319647', 'Calle Mozambique 456', '1992-05-07 14:05:00', '2025-01-22 14:00:00', '+543875678924', 1, '34456789'),
('Mariela', 'Gutiérrez', '41906235', 'Av. Madagascar 789', '1987-09-25 08:30:00', '2025-02-10 08:25:00', '+543876789035', 4, '35567890'),
('Leandro', 'Cáceres', '23584701', 'Paseo Mauricio 012', '1995-01-13 10:50:00', '2025-02-28 10:45:00', '+543877890146', 2, '36678901'),
('Daniela', 'Ponce', '40162879', 'Calle Seychelles 345', '1984-07-02 13:15:00', '2025-03-15 13:10:00', '+543878901257', NULL, NULL),
('Brian', 'Arias', '15729438', 'Av. Comoras 678', '1990-10-21 15:35:00', '2025-04-02 15:30:00', '+543879012368', 3, '38890123'),
('Brenda', 'Blanco', '32897105', 'Paseo Lesoto 901', '1988-02-09 10:00:00', '2025-04-20 09:55:00', '+543870123479', 1, '39901234'),
('Claudio', 'Garay', '26451873', 'Calle Suazilandia 234', '1993-08-28 12:25:00', '2025-05-08 12:20:00', '+543871234580', 4, '20123456'),
('Analía', 'Bustamante', '44780326', 'Av. Sudáfrica 567', '1986-12-16 14:45:00', '2025-05-25 14:40:00', '+543872345691', 2, '21234567'),
('Javier', 'Giménez', '19307594', 'Paseo Marruecos 890', '1991-04-05 09:15:00', '2025-06-12 09:10:00', '+543873456702', NULL, NULL),
('Vanesa', 'Acosta', '37642081', 'Calle Argelia 123', '1985-10-24 11:35:00', '2025-06-30 11:30:00', '+543874567813', 3, '23456789'),
('Nicolás', 'Villalba', '24975610', 'Av. Túnez 456', '1994-02-12 13:55:00', '2025-07-15 13:50:00', '+543875678924', 1, '24567890'),
('Carolina', 'Ramos', '42108357', 'Paseo Libia 789', '1989-08-01 08:25:00', '2025-07-30 08:20:00', '+543876789035', 4, '25678901'),
('Ezequiel', 'Cabrera', '18563729', 'Calle Egipto 012', '1992-12-20 10:45:00', '2025-08-18 10:40:00', '+543877890146', 2, '26789012'),
('Soledad', 'Núñez', '35820496', 'Av. Mauritania 345', '1987-06-09 13:10:00', '2025-09-05 13:05:00', '+543878901257', NULL, NULL),
('Mauro', 'Flores', '29476183', 'Paseo Mali 678', '1995-10-28 15:30:00', '2025-09-22 15:25:00', '+543879012368', 3, '28901234'),
('Sabrina', 'Torres', '43751620', 'Calle Senegal 901', '1984-04-17 09:55:00', '2025-10-01 09:50:00', '+543870123479', 1, '29012345'),
('Agustín', 'López', '16289047', 'Av. Guinea 234', '1990-08-06 12:20:00', '2025-01-28 12:15:00', '+543871234580', 4, '30123456'),
('Gabriela', 'Fernández', '31905734', 'Paseo Sierra Leona 567', '1988-12-25 14:40:00', '2025-02-12 14:35:00', '+543872345691', 2, '31234567'),
('Rodrigo', 'Sánchez', '27634801', 'Calle Liberia 890', '1993-04-14 09:05:00', '2025-03-02 09:00:00', '+543873456702', NULL, NULL),
('Mariana', 'Ramírez', '41027568', 'Av. Burkina Faso 123', '1986-10-03 11:30:00', '2025-03-20 11:25:00', '+543874567813', 3, '33456789'),
('Sebastián', 'Martínez', '22756194', 'Paseo Níger 456', '1991-01-22 13:50:00', '2025-04-08 13:45:00', '+543875678924', 1, '34567890'),
('Andrea', 'González', '39481620', 'Calle Togo 789', '1985-07-11 08:20:00', '2025-04-25 08:15:00', '+543876789035', 4, '35678901'),
('Gustavo', 'Rodríguez', '25139407', 'Av. Benín 012', '1994-11-30 10:40:00', '2025-05-12 10:35:00', '+543877890146', 2, '36789012'),
('Natalia', 'Díaz', '44692573', 'Paseo Ghana 345', '1989-03-20 13:05:00', '2025-05-30 13:00:00', '+543878901257', NULL, NULL),
('Martín', 'Vargas', '13854092', 'Calle Nigeria 678', '1992-09-08 15:25:00', '2025-06-15 15:20:00', '+543879012368', 3, '38901234'),
('Laura', 'Morales', '30627148', 'Av. Camerún 901', '1987-01-27 09:50:00', '2025-06-30 09:45:00', '+543870123479', 1, '39012345'),
('Federico', 'Castro', '26901485', 'Paseo Chad 234', '1995-07-16 12:15:00', '2025-07-18 12:10:00', '+543871234580', 4, '20234567'),
('Claudia', 'Herrera', '42358716', 'Calle Gabón 567', '1984-11-05 14:35:00', '2025-08-05 14:30:00', '+543872345691', 2, '21345678'),
('Pablo', 'Vargas', '19704352', 'Av. Congo 890', '1990-02-24 09:00:00', '2025-08-22 08:55:00', '+543873456702', NULL, NULL),
('Cecilia', 'Medina', '37416908', 'Paseo Angola 123', '1988-08-13 11:25:00', '2025-09-08 11:20:00', '+543874567813', 3, '23567890'),
('Luciano', 'Ortiz', '24083671', 'Calle Zambia 456', '1993-12-02 13:45:00', '2025-09-25 13:40:00', '+543875678924', 1, '24678901'),
('Patricia', 'Ruiz', '40825319', 'Av. Zimbabue 789', '1986-05-22 08:15:00', '2025-10-01 08:10:00', '+543876789035', 4, '25789012');

ALTER SEQUENCE "Paciente_id_seq" RESTART WITH 321;


INSERT INTO "HistoriaClinica" (id, id_paciente, id_profesional, fecha, motivo, detalle, examen_fisico, signos_vitales, diagnostico, tratamiento, medicamentos, estudios, indicaciones, observaciones, proximo_control)
VALUES
  (1, 1, 5,
    '2024-01-15 09:00:00.000',
    'Control rutinario',
    'Paciente refiere sentirse bien en general. Sin síntomas cardiovasculares. Mantiene actividad física regular.',
    'Paciente en buen estado general. Signos vitales estables.',
    '{ "presion": "120/80", "frecuencia": "72", "temperatura": "30.5", "peso": "68", "altura": "165", "oxigenacion": "98" }',
    'Control cardiológico normal',
    'Continuar con medicación actual',
    '[{ "nombre": "Enalapril", "dosis": "10mg", "frecuencia": "1 vez al dia", "duracion": "Continuar"}, { "nombre": "Aspirina", "dosis": "100mg", "frecuencia": "1 vez al dia", "duracion": "Continuar"}]',
    '[{ "tipo": "Electrocardiograma", "resultado": "Normal", "fecha": "2024-01-15"}, {"tipo": "Analisis de sangre", "resultado": "Valores normales", "fecha": "2024-01-10"}]',
    'Mantener dieta baja en sodio. Continuar con ejercicio regular. Control en 6 meses.',
    'Paciente colaborador, cumple bien con el tratamiento',
    '2024-07-15 09:00:00.000'
  ),
  (2, 2, 6,
    '2023-12-10 09:00:00.000',
    'Seguimiento hipertension',
    'Paciente con antecedentes de hipertensión arterial. Refiere adherencia al tratamiento.',
    'Buen estado general. Auscultación cardiopulmonar normal.',
    '{ "presion": "125/85", "frecuencia": "75", "temperatura": "36.3", "peso": "69", "altura": "165", "oxigenacion": "98" }',
    'Hipertensión arterial controlada',
    'Ajuste de medicación',
    '[{ "nombre": "Enalapril", "dosis": "10mg", "frecuencia": "1 vez al día", "duracion": "3 meses" }]',
    NULL,
    'Dieta hiposódica. Control de peso. Ejercicio moderado.',
    'Buen control de la presión arterial.',
    '2024-01-15 09:00:00.000'
  ),
  (3, 3, 7,
    '2024-01-15 09:00:00.000',
    'Control rutinario',
    'Paciente refiere sentirse bien en general. Sin síntomas cardiovasculares. Mantiene actividad física regular.',
    'Paciente en buen estado general. Signos vitales estables.',
    '{ "presion": "120/80", "frecuencia": "72", "temperatura": "30.5", "peso": "68", "altura": "165", "oxigenacion": "98" }',
    'Control cardiológico normal',
    'Continuar con medicación actual',
    '[{ "nombre": "Enalapril", "dosis": "10mg", "frecuencia": "1 vez al dia", "duracion": "Continuar"}, { "nombre": "Aspirina", "dosis": "100mg", "frecuencia": "1 vez al dia", "duracion": "Continuar"}]',
    '[{ "tipo": "Electrocardiograma", "resultado": "Normal", "fecha": "2024-01-15"}, {"tipo": "Analisis de sangre", "resultado": "Valores normales", "fecha": "2024-01-10"}]',
    'Mantener dieta baja en sodio. Continuar con ejercicio regular. Control en 6 meses.',
    'Paciente colaborador, cumple bien con el tratamiento',
    '2024-07-15 09:00:00.000'
  ),
  (4, 4, 8,
    '2023-12-10 09:00:00.000',
    'Seguimiento hipertension',
    'Paciente con antecedentes de hipertensión arterial. Refiere adherencia al tratamiento.',
    'Buen estado general. Auscultación cardiopulmonar normal.',
    '{ "presion": "125/85", "frecuencia": "75", "temperatura": "36.3", "peso": "69", "altura": "165", "oxigenacion": "98" }',
    'Hipertensión arterial controlada',
    'Ajuste de medicación',
    '[{ "nombre": "Enalapril", "dosis": "10mg", "frecuencia": "1 vez al día", "duracion": "3 meses" }]',
    NULL,
    'Dieta hiposódica. Control de peso. Ejercicio moderado.',
    'Buen control de la presión arterial.',
    '2024-01-15 09:00:00.000'
  ),
  (5, 5, 9,
    '2024-01-15 09:00:00.000',
    'Control rutinario',
    'Paciente refiere sentirse bien en general. Sin síntomas cardiovasculares. Mantiene actividad física regular.',
    'Paciente en buen estado general. Signos vitales estables.',
    '{ "presion": "120/80", "frecuencia": "72", "temperatura": "30.5", "peso": "68", "altura": "165", "oxigenacion": "98" }',
    'Control cardiológico normal',
    'Continuar con medicación actual',
    '[{ "nombre": "Enalapril", "dosis": "10mg", "frecuencia": "1 vez al dia", "duracion": "Continuar"}, { "nombre": "Aspirina", "dosis": "100mg", "frecuencia": "1 vez al dia", "duracion": "Continuar"}]',
    '[{ "tipo": "Electrocardiograma", "resultado": "Normal", "fecha": "2024-01-15"}, {"tipo": "Analisis de sangre", "resultado": "Valores normales", "fecha": "2024-01-10"}]',
    'Mantener dieta baja en sodio. Continuar con ejercicio regular. Control en 6 meses.',
    'Paciente colaborador, cumple bien con el tratamiento',
    '2024-07-15 09:00:00.000'
  ),
  (6, 6, 9,
    '2023-12-10 09:00:00.000',
    'Seguimiento hipertension',
    'Paciente con antecedentes de hipertensión arterial. Refiere adherencia al tratamiento.',
    'Buen estado general. Auscultación cardiopulmonar normal.',
    '{ "presion": "125/85", "frecuencia": "75", "temperatura": "36.3", "peso": "69", "altura": "165", "oxigenacion": "98" }',
    'Hipertensión arterial controlada',
    'Ajuste de medicación',
    '[{ "nombre": "Enalapril", "dosis": "10mg", "frecuencia": "1 vez al día", "duracion": "3 meses" }]',
    NULL,
    'Dieta hiposódica. Control de peso. Ejercicio moderado.',
    'Buen control de la presión arterial.',
    '2024-01-15 09:00:00.000'
  );
ALTER SEQUENCE "HistoriaClinica_id_seq" RESTART WITH 7;

INSERT INTO "Turno" ("id", "id_profesional", "id_paciente", "fecha", "estado") VALUES
  (1, 1,  1, '2025-09-21 11:00:00.00', 'PROGRAMADO'),
  (2, 1,  1, '2025-08-21 11:00:00.00', 'CANCELADO'),
  (3, 2,  2, '2025-09-21 09:00:00.00', 'EN_SALA_ESPERA'),
  (4, 3,  3, '2025-08-31 09:00:00.00', 'ASISTIO'),
  (5, 4,  9, '2025-08-30 09:30:00.00', 'PROGRAMADO'),
  (6, 7,  4, '2025-08-29 09:20:00.00', 'NO_ASISTIO'),
  (7, 11, 11, '2025-08-28 10:20:00.00', 'CANCELADO');

INSERT INTO "Turno" ("id", "id_profesional", "id_paciente", "fecha", "duracion_minutos", "estado") VALUES
(8, 1, 21, '2025-07-05 09:00:00', 30, 'ASISTIO'),
(9, 2, 22, '2025-07-05 10:00:00', 30, 'ASISTIO'),
(10, 3, 23, '2025-07-05 11:00:00', 30, 'NO_ASISTIO'),
(11, 4, 24, '2025-07-05 14:00:00', 30, 'ASISTIO'),
(12, 5, 25, '2025-07-05 15:00:00', 30, 'CANCELADO'),
(13, 6, 26, '2025-07-08 09:00:00', 30, 'ASISTIO'),
(14, 7, 27, '2025-07-08 10:00:00', 30, 'ASISTIO'),
(15, 8, 28, '2025-07-08 11:00:00', 30, 'ASISTIO'),
(16, 9, 29, '2025-07-08 14:00:00', 30, 'NO_ASISTIO'),
(17, 10, 30, '2025-07-08 15:00:00', 30, 'ASISTIO'),
(18, 1, 31, '2025-07-12 09:00:00', 30, 'ASISTIO'),
(19, 2, 32, '2025-07-12 10:00:00', 30, 'CANCELADO'),
(20, 3, 33, '2025-07-12 11:00:00', 30, 'ASISTIO'),
(21, 4, 34, '2025-07-12 14:00:00', 30, 'ASISTIO'),
(22, 5, 35, '2025-07-12 15:00:00', 30, 'ASISTIO'),
(23, 6, 36, '2025-07-15 09:00:00', 30, 'NO_ASISTIO'),
(24, 7, 37, '2025-07-15 10:00:00', 30, 'ASISTIO'),
(25, 8, 38, '2025-07-15 11:00:00', 30, 'ASISTIO'),
(26, 9, 39, '2025-07-15 14:00:00', 30, 'ASISTIO'),
(27, 10, 40, '2025-07-15 15:00:00', 30, 'CANCELADO'),
(28, 11, 41, '2025-07-18 09:00:00', 30, 'ASISTIO'),
(29, 1, 42, '2025-07-18 10:00:00', 30, 'ASISTIO'),
(30, 2, 43, '2025-07-18 11:00:00', 30, 'ASISTIO'),
(31, 3, 44, '2025-07-18 14:00:00', 30, 'NO_ASISTIO'),
(32, 4, 45, '2025-07-18 15:00:00', 30, 'ASISTIO'),
(33, 5, 46, '2025-08-02 09:00:00', 30, 'ASISTIO'),
(34, 6, 47, '2025-08-02 10:00:00', 30, 'ASISTIO'),
(35, 7, 48, '2025-08-02 11:00:00', 30, 'CANCELADO'),
(36, 8, 49, '2025-08-02 14:00:00', 30, 'ASISTIO'),
(37, 9, 50, '2025-08-02 15:00:00', 30, 'ASISTIO'),
(38, 10, 51, '2025-08-05 09:00:00', 30, 'NO_ASISTIO'),
(39, 11, 52, '2025-08-05 10:00:00', 30, 'ASISTIO'),
(40, 1, 53, '2025-08-05 11:00:00', 30, 'ASISTIO'),
(41, 2, 54, '2025-08-05 14:00:00', 30, 'ASISTIO'),
(42, 3, 55, '2025-08-05 15:00:00', 30, 'ASISTIO'),
(43, 4, 56, '2025-08-08 09:00:00', 30, 'CANCELADO'),
(44, 5, 57, '2025-08-08 10:00:00', 30, 'ASISTIO'),
(45, 6, 58, '2025-08-08 11:00:00', 30, 'ASISTIO'),
(46, 7, 59, '2025-08-08 14:00:00', 30, 'NO_ASISTIO'),
(47, 8, 60, '2025-08-08 15:00:00', 30, 'ASISTIO'),
(48, 9, 61, '2025-08-12 09:00:00', 30, 'ASISTIO'),
(49, 10, 62, '2025-08-12 10:00:00', 30, 'ASISTIO'),
(50, 11, 63, '2025-08-12 11:00:00', 30, 'ASISTIO'),
(51, 1, 64, '2025-08-12 14:00:00', 30, 'CANCELADO'),
(52, 2, 65, '2025-08-12 15:00:00', 30, 'ASISTIO'),
(53, 3, 66, '2025-08-15 09:00:00', 30, 'ASISTIO'),
(54, 4, 67, '2025-08-15 10:00:00', 30, 'NO_ASISTIO'),
(55, 5, 68, '2025-08-15 11:00:00', 30, 'ASISTIO'),
(56, 6, 69, '2025-08-15 14:00:00', 30, 'ASISTIO'),
(57, 7, 70, '2025-08-15 15:00:00', 30, 'ASISTIO'),
(58, 8, 71, '2025-09-02 09:00:00', 30, 'ASISTIO'),
(59, 9, 72, '2025-09-02 10:00:00', 30, 'CANCELADO'),
(60, 10, 73, '2025-09-02 11:00:00', 30, 'ASISTIO'),
(61, 11, 74, '2025-09-02 14:00:00', 30, 'ASISTIO'),
(62, 2, 75, '2025-09-02 15:00:00', 30, 'NO_ASISTIO'),
(63, 2, 76, '2025-09-05 09:00:00', 30, 'ASISTIO'),
(64, 3, 77, '2025-09-05 10:00:00', 30, 'ASISTIO'),
(65, 4, 78, '2025-09-05 11:00:00', 30, 'ASISTIO'),
(66, 5, 79, '2025-09-05 14:00:00', 30, 'CANCELADO'),
(67, 9, 80, '2025-09-05 15:00:00', 30, 'ASISTIO'),
(68, 7, 81, '2025-09-08 09:00:00', 30, 'ASISTIO'),
(69, 8, 82, '2025-09-08 10:00:00', 30, 'NO_ASISTIO'),
(70, 9, 83, '2025-09-08 11:00:00', 30, 'ASISTIO'),
(71, 10, 84, '2025-09-08 14:00:00', 30, 'ASISTIO'),
(72, 11, 85, '2025-09-08 15:00:00', 30, 'ASISTIO'),
(73, 1, 86, '2025-09-12 09:00:00', 30, 'CANCELADO'),
(74, 2, 87, '2025-09-12 10:00:00', 30, 'ASISTIO'),
(75, 3, 88, '2025-09-12 11:00:00', 30, 'ASISTIO'),
(76, 4, 89, '2025-09-12 14:00:00', 30, 'NO_ASISTIO'),
(77, 5, 90, '2025-09-12 15:00:00', 30, 'ASISTIO'),
(78, 6, 91, '2025-09-15 09:00:00', 30, 'ASISTIO'),
(79, 7, 92, '2025-09-15 10:00:00', 30, 'ASISTIO'),
(80, 8, 93, '2025-09-15 11:00:00', 30, 'ASISTIO'),
(81, 9, 94, '2025-09-15 14:00:00', 30, 'CANCELADO'),
(82, 10, 95, '2025-09-15 15:00:00', 30, 'ASISTIO'),
(83, 11, 96, '2025-10-02 09:00:00', 30, 'PROGRAMADO'),
(84, 1, 97, '2025-10-02 10:00:00', 30, 'PROGRAMADO'),
(85, 2, 98, '2025-10-02 11:00:00', 30, 'PROGRAMADO'),
(86, 3, 99, '2025-10-02 14:00:00', 30, 'PROGRAMADO'),
(87, 4, 100, '2025-10-02 12:00:00', 30, 'PROGRAMADO'),
(88, 5, 101, '2025-10-05 09:00:00', 30, 'PROGRAMADO'),
(89, 6, 102, '2025-10-05 10:00:00', 30, 'PROGRAMADO'),
(90, 7, 103, '2025-10-05 11:00:00', 30, 'PROGRAMADO'),
(91, 8, 104, '2025-10-05 14:00:00', 30, 'PROGRAMADO'),
(92, 9, 105, '2025-10-05 15:00:00', 30, 'PROGRAMADO'),
(93, 10, 106, '2025-10-08 09:00:00', 30, 'PROGRAMADO'),
(94, 11, 107, '2025-10-08 10:00:00', 30, 'PROGRAMADO'),
(95, 1, 108, '2025-10-08 11:00:00', 30, 'PROGRAMADO'),
(96, 2, 109, '2025-10-08 14:00:00', 30, 'PROGRAMADO'),
(97, 3, 110, '2025-10-08 15:00:00', 30, 'PROGRAMADO'),
(98, 4, 111, '2025-10-12 09:00:00', 30, 'PROGRAMADO'),
(99, 5, 112, '2025-10-12 10:00:00', 30, 'PROGRAMADO'),
(100, 6, 113, '2025-10-12 11:00:00', 30, 'PROGRAMADO'),
(101, 7, 114, '2025-10-12 14:00:00', 30, 'PROGRAMADO'),
(102, 8, 115, '2025-10-12 15:00:00', 30, 'PROGRAMADO'),
(103, 9, 116, '2025-10-15 09:00:00', 30, 'PROGRAMADO'),
(104, 10, 117, '2025-10-15 10:00:00', 30, 'PROGRAMADO'),
(105, 11, 118, '2025-10-15 11:00:00', 30, 'PROGRAMADO'),
(106, 1, 119, '2025-10-15 14:00:00', 30, 'PROGRAMADO'),
(107, 2, 120, '2025-10-15 15:00:00', 30, 'PROGRAMADO');

-- Turnos para hoy (2 de octubre 2025)
INSERT INTO "Turno" ("id", "id_profesional", "id_paciente", "fecha", "duracion_minutos", "estado") VALUES
(108, 1, 12, '2025-10-02 08:00:00', 30, 'ASISTIO'),
(109, 2, 13, '2025-10-02 08:00:00', 45, 'ASISTIO'),
(110, 3, 14, '2025-10-02 08:30:00', 30, 'EN_SALA_ESPERA'),
(111, 4, 15, '2025-10-02 09:00:00', 30, 'EN_SALA_ESPERA'),
(112, 5, 16, '2025-10-02 09:00:00', 15, 'EN_SALA_ESPERA'),
(113, 6, 17, '2025-10-02 09:00:00', 45, 'PROGRAMADO'),
(114, 7, 18, '2025-10-02 09:00:00', 30, 'PROGRAMADO'),
(115, 8, 19, '2025-10-02 09:00:00', 30, 'PROGRAMADO'),
(116, 9, 20, '2025-10-02 09:00:00', 15, 'PROGRAMADO'),
(117, 1, 21, '2025-10-02 10:30:00', 45, 'PROGRAMADO'),
(118, 2, 22, '2025-10-02 10:45:00', 15, 'PROGRAMADO'),
(119, 10, 23, '2025-10-02 11:00:00', 30, 'PROGRAMADO'),
(120, 6, 24, '2025-10-02 14:00:00', 30, 'PROGRAMADO'),
(121, 7, 25, '2025-10-02 14:00:00', 45, 'PROGRAMADO'),
(122, 4, 26, '2025-10-02 13:00:00', 30, 'PROGRAMADO'),
(123, 5, 27, '2025-10-02 16:00:00', 15, 'PROGRAMADO'),
(124, 6, 28, '2025-10-02 16:15:00', 45, 'PROGRAMADO'),
(125, 7, 29, '2025-10-02 17:00:00', 30, 'PROGRAMADO'),
(126, 8, 30, '2025-10-02 17:30:00', 30, 'PROGRAMADO'),
(127, 9, 31, '2025-10-02 18:00:00', 15, 'PROGRAMADO');

-- Turnos para mañana (3 de octubre 2025)
INSERT INTO "Turno" ("id", "id_profesional", "id_paciente", "fecha", "duracion_minutos", "estado") VALUES
(128, 1, 32, '2025-10-03 08:00:00', 30, 'PROGRAMADO'),
(129, 2, 33, '2025-10-03 08:00:00', 30, 'PROGRAMADO'),
(130, 3, 34, '2025-10-03 08:00:00', 45, 'PROGRAMADO'),
(131, 4, 35, '2025-10-03 08:00:00', 15, 'PROGRAMADO'),
(132, 5, 36, '2025-10-03 08:00:00', 30, 'PROGRAMADO'),
(133, 6, 37, '2025-10-03 08:00:00', 45, 'PROGRAMADO'),
(134, 7, 38, '2025-10-03 09:00:00', 30, 'PROGRAMADO'),
(135, 8, 39, '2025-10-03 09:30:00', 15, 'PROGRAMADO'),
(136, 9, 40, '2025-10-03 10:00:00', 45, 'PROGRAMADO'),
(137, 10, 41, '2025-10-03 10:00:00', 30, 'PROGRAMADO'),
(138, 11, 42, '2025-10-03 11:00:00', 30, 'PROGRAMADO'),
(139, 1, 43, '2025-10-03 11:30:00', 45, 'PROGRAMADO'),
(140, 2, 44, '2025-10-03 14:00:00', 15, 'PROGRAMADO'),
(141, 3, 45, '2025-10-03 14:15:00', 30, 'PROGRAMADO'),
(142, 4, 46, '2025-10-03 15:00:00', 45, 'PROGRAMADO'),
(143, 5, 47, '2025-10-03 16:00:00', 30, 'PROGRAMADO'),
(144, 6, 48, '2025-10-03 16:30:00', 15, 'PROGRAMADO'),
(145, 7, 49, '2025-10-03 17:00:00', 30, 'PROGRAMADO'),
(146, 8, 50, '2025-10-03 17:30:00', 45, 'PROGRAMADO'),
(147, 9, 51, '2025-10-03 18:00:00', 30, 'PROGRAMADO');

-- Turnos para el sábado (4 de octubre 2025)
INSERT INTO "Turno" ("id", "id_profesional", "id_paciente", "fecha", "duracion_minutos", "estado") VALUES
(148, 10, 52, '2025-10-04 09:00:00', 30, 'PROGRAMADO'),
(149, 11, 53, '2025-10-04 09:00:00', 45, 'PROGRAMADO'),
(150, 1, 54, '2025-10-04 09:30:00', 15, 'PROGRAMADO'),
(151, 2, 55, '2025-10-04 10:00:00', 30, 'PROGRAMADO'),
(152, 3, 56, '2025-10-04 10:00:00', 30, 'PROGRAMADO'),
(153, 4, 57, '2025-10-04 10:00:00', 45, 'PROGRAMADO'),
(154, 5, 58, '2025-10-04 10:00:00', 15, 'PROGRAMADO'),
(155, 6, 59, '2025-10-04 11:00:00', 30, 'PROGRAMADO'),
(156, 7, 60, '2025-10-04 11:00:00', 45, 'PROGRAMADO'),
(157, 8, 61, '2025-10-04 11:30:00', 30, 'PROGRAMADO'),
(158, 9, 62, '2025-10-04 12:00:00', 15, 'PROGRAMADO'),
(159, 10, 63, '2025-10-04 14:00:00', 45, 'PROGRAMADO'),
(160, 11, 64, '2025-10-04 14:00:00', 30, 'PROGRAMADO'),
(161, 1, 65, '2025-10-04 15:00:00', 30, 'PROGRAMADO'),
(162, 2, 66, '2025-10-04 15:30:00', 15, 'PROGRAMADO'),
(163, 3, 67, '2025-10-04 16:00:00', 45, 'PROGRAMADO'),
(164, 4, 68, '2025-10-04 16:00:00', 30, 'PROGRAMADO'),
(165, 5, 69, '2025-10-04 17:00:00', 30, 'PROGRAMADO'),
(166, 6, 70, '2025-10-04 17:30:00', 15, 'PROGRAMADO'),
(167, 7, 71, '2025-10-04 18:00:00', 45, 'PROGRAMADO');

ALTER SEQUENCE "Turno_id_seq" RESTART WITH 168;

INSERT INTO "TurnoCancelacionLog" ("id", "turnoId", "canceladoPorId", "solicitadoPor", "fecha") VALUES
  (1, 2, 3, 'PACIENTE', '2025-08-15 10:15:00'),
  (2, 7, 1, 'PROFESIONAL', '2025-08-18 08:45:00'),
  (3, 12, 3, 'PACIENTE', '2025-07-03 16:20:00'),
  (4, 19, 2, 'PROFESIONAL', '2025-07-10 11:30:00'),
  (5, 27, 3, 'PACIENTE', '2025-07-12 17:05:00'),
  (6, 35, 3, 'PACIENTE', '2025-08-01 12:10:00'),
  (7, 43, 2, 'PROFESIONAL', '2025-08-06 14:35:00'),
  (8, 51, 3, 'PACIENTE', '2025-08-09 09:50:00'),
  (9, 59, 3, 'PACIENTE', '2025-09-01 15:25:00'),
  (10, 66, 3, 'PACIENTE', '2025-09-04 13:05:00');
ALTER SEQUENCE "TurnoCancelacionLog_id_seq" RESTART WITH 11;

UPDATE "Profesional" SET "userId" = 1 WHERE id = 1;  -- profesional@gmail.com -> Eirin Yagokoro
UPDATE "Profesional" SET "userId" = 2 WHERE id = 2;  -- profesional2@gmail.com -> Reimu Hakurei
UPDATE "Profesional" SET "userId" = 3 WHERE id = 3;  -- profesional3@gmail.com -> Marisa Kirisame
UPDATE "Profesional" SET "userId" = 4 WHERE id = 4;  -- profesional4@gmail.com -> Sakuya Izayoi
UPDATE "Profesional" SET "userId" = 5 WHERE id = 5;  -- profesional5@gmail.com -> Remilia Scarlet
UPDATE "Profesional" SET "userId" = 6 WHERE id = 6;  -- profesional6@gmail.com -> Youmu Konpaku
UPDATE "Profesional" SET "userId" = 7 WHERE id = 7; -- profesional7@gmail.com -> Flandre Scarlet
UPDATE "Profesional" SET "userId" = 8 WHERE id = 8; -- profesional8@gmail.com -> Yuyuko Saigyouji
UPDATE "Profesional" SET "userId" = 9 WHERE id = 9; -- profesional9@gmail.com -> Yukari Yakumo
UPDATE "Profesional" SET "userId" = 10 WHERE id = 10; -- profesional10@gmail.com -> Ran Yakumo


UPDATE "Paciente" SET antecedentes = 'Padre: Hipertensión arterial. Madre: Diabetes tipo 2.' WHERE id = 1;
UPDATE "Paciente" SET antecedentes = 'Abuela materna: Cáncer de mama. Padre: Enfermedad cardiovascular.' WHERE id = 2;
UPDATE "Paciente" SET antecedentes = 'Sin antecedentes familiares relevantes.' WHERE id = 3;
UPDATE "Paciente" SET antecedentes = 'Madre: Hipertensión. Abuelo paterno: Infarto de miocardio a los 60 años.' WHERE id = 4;
UPDATE "Paciente" SET antecedentes = 'Padre: Diabetes tipo 2. Hermano: Asma bronquial.' WHERE id = 5;
UPDATE "Paciente" SET antecedentes = 'Madre: Hipotiroidismo. Abuela paterna: Osteoporosis.' WHERE id = 6;
UPDATE "Paciente" SET antecedentes = 'Padre: Hipertensión arterial. Tío materno: ACV a los 55 años.' WHERE id = 7;
UPDATE "Paciente" SET antecedentes = 'Sin antecedentes relevantes conocidos.' WHERE id = 8;
UPDATE "Paciente" SET antecedentes = 'Madre: Cáncer de útero. Padre: Cirrosis hepática.' WHERE id = 9;
UPDATE "Paciente" SET antecedentes = 'Abuela materna: Diabetes gestacional. Padre: Obesidad mórbida.' WHERE id = 10;
UPDATE "Paciente" SET antecedentes = 'Madre: Enfermedad renal crónica. Abuelo: Parkinson.' WHERE id = 11;
UPDATE "Paciente" SET antecedentes = 'Padre: Colesterol alto. Hermana: Anemia ferropénica.' WHERE id = 12;
UPDATE "Paciente" SET antecedentes = 'Sin antecedentes familiares de importancia.' WHERE id = 13;
UPDATE "Paciente" SET antecedentes = 'Madre: Artritis reumatoidea. Padre: Gota.' WHERE id = 14;
UPDATE "Paciente" SET antecedentes = 'Abuela paterna: Demencia senil. Madre: Migraña crónica.' WHERE id = 15;
UPDATE "Paciente" SET antecedentes = 'Padre: EPOC. Tía materna: Cáncer de colon.' WHERE id = 16;
UPDATE "Paciente" SET antecedentes = 'Madre: Hipotiroidismo. Padre: Diabetes tipo 2 controlada.' WHERE id = 17;
UPDATE "Paciente" SET antecedentes = 'Hermano: Asma. Abuela materna: Hipertensión arterial.' WHERE id = 18;
UPDATE "Paciente" SET antecedentes = 'Padre: Enfermedad cardiovascular. Madre: Obesidad.' WHERE id = 19;
UPDATE "Paciente" SET antecedentes = 'Sin antecedentes familiares patológicos.' WHERE id = 20;

-- Historias para el profesional ID 2 (Reimu Hakurei)
INSERT INTO "HistoriaClinica" (id_paciente, id_profesional, fecha, motivo, detalle, diagnostico, tratamiento) VALUES
(21, 2, '2025-07-05 09:00:00', 'Consulta inicial', 'Paciente refiere dolor de cabeza recurrente.', 'Cefalea tensional', 'Paracetamol 500mg cada 8 horas'),
(22, 2, '2025-07-08 10:00:00', 'Control de rutina', 'Paciente en buen estado general.', 'Paciente sano', 'Continuar con hábitos saludables');

-- Historias para el profesional ID 3 (Marisa Kirisame)
INSERT INTO "HistoriaClinica" (id_paciente, id_profesional, fecha, motivo, detalle, diagnostico, tratamiento) VALUES
(23, 3, '2025-07-12 11:00:00', 'Dolor de rodilla', 'Paciente deportista refiere dolor en rodilla derecha tras entrenamiento.', 'Tendinitis rotuliana', 'Reposo relativo, antiinflamatorios'),
(33, 3, '2025-07-18 14:00:00', 'Esguince de tobillo', 'Caída jugando fútbol. Tobillo inflamado.', 'Esguince grado I', 'Inmovilización 7 días, hielo local');

-- Historias para el profesional ID 1 (Eirin Yagokoro - Cardiología)
INSERT INTO "HistoriaClinica" (id_paciente, id_profesional, fecha, motivo, detalle, examen_fisico, signos_vitales, diagnostico, tratamiento, medicamentos) VALUES
(32, 1, '2025-08-05 11:00:00', 'Control cardiológico', 'Paciente con antecedentes de hipertensión. Asintomático.', 'Auscultación cardíaca normal. Sin soplos.', '{"presion": "130/85", "frecuencia": "75", "temperatura": "36.4", "peso": "72", "altura": "170", "oxigenacion": "98"}', 'Hipertensión arterial controlada', 'Continuar con antihipertensivos', '[{"nombre": "Losartán", "dosis": "50mg", "frecuencia": "1 vez al día", "duracion": "Continuo"}]'),
(64, 1, '2025-08-12 14:00:00', 'Palpitaciones', 'Refiere episodios de palpitaciones ocasionales.', 'Ritmo cardíaco regular. TA normal.', '{"presion": "120/75", "frecuencia": "82", "temperatura": "36.5", "peso": "68", "altura": "165", "oxigenacion": "99"}', 'Extrasístoles ventriculares aisladas', 'Evitar cafeína y estrés', NULL),
(32, 2, '2025-08-05 11:00:00', 'Control cardiológico', 'Paciente con antecedentes de hipertensión. Asintomático.', 'Auscultación cardíaca normal. Sin soplos.', '{"presion": "130/85", "frecuencia": "75", "temperatura": "36.4", "peso": "72", "altura": "170", "oxigenacion": "98"}', 'Hipertensión arterial controlada', 'Continuar con antihipertensivos', '[{"nombre": "Losartán", "dosis": "50mg", "frecuencia": "1 vez al día", "duracion": "Continuo"}]'),
(64, 2, '2025-08-12 14:00:00', 'Palpitaciones', 'Refiere episodios de palpitaciones ocasionales.', 'Ritmo cardíaco regular. TA normal.', '{"presion": "120/75", "frecuencia": "82", "temperatura": "36.5", "peso": "68", "altura": "165", "oxigenacion": "99"}', 'Extrasístoles ventriculares aisladas', 'Evitar cafeína y estrés', NULL);

-- Más historias para diferentes profesionales
INSERT INTO "HistoriaClinica" (id_paciente, id_profesional, fecha, motivo, detalle, examen_fisico, signos_vitales, diagnostico, tratamiento, medicamentos, indicaciones, observaciones, proximo_control) VALUES

-- Profesional 4 (Sakuya Izayoi - Cirugía)
(24, 4, '2025-07-15 14:00:00', 'Dolor abdominal', 'Paciente refiere dolor en fosa ilíaca derecha de 24hs de evolución.', 'Abdomen: dolor a la palpación en FID, Blumberg positivo.', '{"presion": "110/70", "frecuencia": "88", "temperatura": "37.8", "peso": "65", "altura": "160", "oxigenacion": "97"}', 'Apendicitis aguda', 'Apendicectomía laparoscópica programada', '[{"nombre": "Ampicilina", "dosis": "1g", "frecuencia": "Cada 6 horas", "duracion": "7 días"}]', 'Ayuno preoperatorio. Hidratación EV.', 'Cirugía realizada sin complicaciones.', '2025-07-22 10:00:00'),

(34, 4, '2025-08-05 14:00:00', 'Control postoperatorio', 'Evolución favorable post apendicectomía.', 'Herida quirúrgica cicatrizando bien. Sin signos de infección.', '{"presion": "115/75", "frecuencia": "72", "temperatura": "36.5", "peso": "64", "altura": "160", "oxigenacion": "98"}', 'Postoperatorio normal', 'Alta médica', NULL, 'Retirar puntos en 7 días. Retomar actividad gradualmente.', 'Paciente satisfecho con evolución.', NULL),

-- Profesional 5 (Remilia Scarlet - Cardiología)
(25, 5, '2025-07-18 15:00:00', 'Disnea de esfuerzo', 'Refiere falta de aire al subir escaleras desde hace 2 meses.', 'Auscultación: soplo sistólico II/VI en foco mitral.', '{"presion": "140/90", "frecuencia": "92", "temperatura": "36.3", "peso": "78", "altura": "172", "oxigenacion": "95"}', 'Insuficiencia mitral leve. HTA', 'Control con ecocardiograma', '[{"nombre": "Enalapril", "dosis": "10mg", "frecuencia": "Cada 12 horas", "duracion": "Continuo"}]', 'Dieta hiposódica. Ejercicio moderado.', 'Solicitar eco Doppler cardíaco.', '2025-08-18 09:00:00'),

(46, 5, '2025-09-25 14:00:00', 'Control cardiológico', 'Asintomático. Eco Doppler muestra mejoría.', 'TA controlada. Soplo mitral sin cambios.', '{"presion": "125/80", "frecuencia": "76", "temperatura": "36.4", "peso": "76", "altura": "172", "oxigenacion": "97"}', 'HTA controlada. IM estable', 'Mantener tratamiento actual', '[{"nombre": "Enalapril", "dosis": "10mg", "frecuencia": "Cada 12 horas", "duracion": "Continuo"}]', 'Continuar con dieta y ejercicio.', 'Buena adherencia al tratamiento.', '2025-12-25 09:00:00'),

-- Profesional 6 (Youmu Konpaku - Neurología)
(26, 6, '2025-08-08 09:00:00', 'Cefalea crónica', 'Migrañas de 10 años de evolución, aumentaron en frecuencia.', 'Examen neurológico normal. Sin déficit focal.', '{"presion": "120/75", "frecuencia": "70", "temperatura": "36.2", "peso": "60", "altura": "158", "oxigenacion": "98"}', 'Migraña con aura', 'Profilaxis antimigrañosa', '[{"nombre": "Topiramato", "dosis": "50mg", "frecuencia": "1 vez al día", "duracion": "3 meses"}, {"nombre": "Sumatriptán", "dosis": "50mg", "frecuencia": "En crisis", "duracion": "SOS"}]', 'Evitar desencadenantes. Registro de crisis en diario.', 'Paciente motivada para tratamiento.', '2025-11-08 10:00:00'),

(62, 6, '2025-08-12 10:00:00', 'Parestesias en manos', 'Hormigueo bilateral en manos, predominio nocturno.', 'Signo de Tinel y Phalen positivos bilaterales.', '{"presion": "118/76", "frecuencia": "68", "temperatura": "36.4", "peso": "70", "altura": "165", "oxigenacion": "98"}', 'Síndrome del túnel carpiano bilateral', 'Férulas nocturnas, AINES', '[{"nombre": "Ibuprofeno", "dosis": "400mg", "frecuencia": "Cada 8 horas", "duracion": "10 días"}]', 'Uso de férulas en muñecas durante la noche. Ergonomía laboral.', 'Valorar interconsulta con traumatología si no mejora.', '2025-09-12 10:00:00'),

-- Profesional 7 (Flandre Scarlet - Psiquiatría)
(27, 7, '2025-08-02 10:00:00', 'Ansiedad generalizada', 'Nerviosismo constante, insomnio, preocupaciones excesivas.', 'Paciente inquieto. Taquicardia leve. Sin signos de psicosis.', '{"presion": "135/88", "frecuencia": "95", "temperatura": "36.5", "peso": "68", "altura": "170", "oxigenacion": "98"}', 'Trastorno de ansiedad generalizada', 'Terapia cognitivo-conductual + farmacoterapia', '[{"nombre": "Sertralina", "dosis": "50mg", "frecuencia": "1 vez al día", "duracion": "6 meses"}, {"nombre": "Alprazolam", "dosis": "0.5mg", "frecuencia": "SOS máx 2 veces/día", "duracion": "1 mes"}]', 'Iniciar psicoterapia. Técnicas de relajación. Ejercicio regular.', 'Derivado a psicólogo. Buen insight.', '2025-09-02 15:00:00'),

(92, 7, '2025-09-15 10:00:00', 'Control psiquiátrico', 'Refiere mejoría en ansiedad. Duerme mejor.', 'Paciente más tranquilo. Eutímico.', '{"presion": "120/80", "frecuencia": "78", "temperatura": "36.3", "peso": "68", "altura": "170", "oxigenacion": "98"}', 'TAG en tratamiento - evolución favorable', 'Continuar sertralina. Suspender alprazolam gradualmente.', '[{"nombre": "Sertralina", "dosis": "50mg", "frecuencia": "1 vez al día", "duracion": "5 meses"}]', 'Continuar psicoterapia. Técnicas aprendidas funcionan bien.', 'Excelente adherencia. Paciente motivado.', '2025-10-15 15:00:00'),

-- Profesional 8 (Yuyuko Saigyouji - Oncología)
(28, 8, '2025-08-02 11:00:00', 'Nódulo mamario', 'Autodetección de nódulo en mama izquierda.', 'Nódulo de 2cm en CSE mama izquierda, móvil, no doloroso.', '{"presion": "125/82", "frecuencia": "80", "temperatura": "36.4", "peso": "65", "altura": "162", "oxigenacion": "98"}', 'Nódulo mamario a estudio', 'Mamografía + ecografía + biopsia', NULL, 'Estudios complementarios urgentes. Cita con resultados en 7 días.', 'Paciente ansiosa pero colaboradora.', '2025-08-09 14:00:00'),

(38, 8, '2025-09-15 11:00:00', 'Seguimiento oncológico', 'Post tratamiento por Ca mama. Control semestral.', 'Cicatriz quirúrgica bien. Sin adenopatías palpables.', '{"presion": "118/75", "frecuencia": "72", "temperatura": "36.3", "peso": "63", "altura": "162", "oxigenacion": "98"}', 'Ca mama tratado - en remisión', 'Continuar con controles', '[{"nombre": "Tamoxifeno", "dosis": "20mg", "frecuencia": "1 vez al día", "duracion": "Continuo"}]', 'Mamografía anual. Autoexamen mensual.', 'Paciente muy bien. Sin evidencia de enfermedad.', '2026-03-15 14:00:00'),

-- Profesional 9 (Yukari Yakumo - Ginecología)
(29, 9, '2025-08-02 14:00:00', 'Control ginecológico anual', 'Asintomática. Última menstruación hace 15 días.', 'Examen ginecológico normal. Mamas sin alteraciones.', '{"presion": "115/70", "frecuencia": "68", "temperatura": "36.2", "peso": "58", "altura": "160", "oxigenacion": "98"}', 'Control ginecológico normal', 'Preventivo', NULL, 'PAP y colposcopia. Continuar controles anuales.', 'Paciente sana. Buenos hábitos.', '2026-08-02 09:00:00'),

(39, 9, '2025-08-05 14:00:00', 'Infección urinaria', 'Disuria, polaquiuria, dolor suprapúbico de 2 días.', 'Puño percusión renal negativa. Dolor hipogastrio.', '{"presion": "110/65", "frecuencia": "75", "temperatura": "37.2", "peso": "60", "altura": "163", "oxigenacion": "98"}', 'Cistitis aguda', 'Antibioticoterapia', '[{"nombre": "Ciprofloxacina", "dosis": "500mg", "frecuencia": "Cada 12 horas", "duracion": "7 días"}]', 'Aumentar ingesta de líquidos. Vaciar vejiga completamente.', 'Urocultivo tomado. Control con resultado.', '2025-08-12 09:00:00'),

-- Profesional 10 (Ran Yakumo - Oftalmología)
(32, 10, '2025-08-02 15:00:00', 'Disminución de agudeza visual', 'Refiere visión borrosa progresiva de lejos.', 'AV 20/40 ambos ojos. Fondo de ojo normal.', '{"presion": "120/78", "frecuencia": "72", "temperatura": "36.4", "peso": "72", "altura": "175", "oxigenacion": "98"}', 'Miopía bilateral leve', 'Corrección óptica', NULL, 'Prescripción de anteojos. Control anual.', 'Primera vez con lentes. Buena adaptación esperada.', '2026-08-02 10:00:00'),

(51, 10, '2025-08-05 09:00:00', 'Ojo rojo', 'Enrojecimiento ocular derecho, lagrimeo, sin secreción.', 'Hiperemia conjuntival. Sin secreción purulenta.', '{"presion": "118/75", "frecuencia": "70", "temperatura": "36.3", "peso": "68", "altura": "168", "oxigenacion": "98"}', 'Conjuntivitis viral OD', 'Tratamiento sintomático', '[{"nombre": "Lágrimas artificiales", "dosis": "1 gota", "frecuencia": "Cada 4 horas", "duracion": "7 días"}]', 'Compresas frías. No compartir toallas. Lavado de manos.', 'Proceso autolimitado. No requiere antibióticos.', '2025-08-12 10:00:00'),

-- Profesional 11 (Chen Yakumo - Dermatología)
(41, 11, '2025-08-05 10:00:00', 'Lesiones en piel', 'Múltiples lesiones pruriginosas en brazos y tronco.', 'Lesiones eritematosas, algunas vesiculadas. Distribución simétrica.', '{"presion": "115/72", "frecuencia": "70", "temperatura": "36.2", "peso": "65", "altura": "168", "oxigenacion": "98"}', 'Dermatitis atópica', 'Corticoides tópicos + antihistamínicos', '[{"nombre": "Hidrocortisona crema", "dosis": "Aplicar", "frecuencia": "2 veces al día", "duracion": "14 días"}, {"nombre": "Loratadina", "dosis": "10mg", "frecuencia": "1 vez al día", "duracion": "10 días"}]', 'Evitar jabones irritantes. Humectación diaria. Ropa de algodón.', 'Lesiones compatibles con eccema. Mejoría esperada.', '2025-08-19 10:00:00'),

(52, 11, '2025-08-08 10:00:00', 'Lunar sospechoso', 'Lesión pigmentada en espalda, creció últimos meses.', 'Nevus de 8mm, bordes irregulares, dos colores.', '{"presion": "120/75", "frecuencia": "68", "temperatura": "36.3", "peso": "70", "altura": "172", "oxigenacion": "98"}', 'Nevus atípico a estudio', 'Biopsia excisional programada', NULL, 'Cirugía menor ambulatoria. Resultado en 15 días.', 'Criterios ABCDE positivos. Necesita estudio histológico.', '2025-08-22 14:00:00'),

-- Más para Profesional 2 (Reimu Hakurei - Medicina General)
(32, 2, '2025-08-12 10:00:00', 'Fiebre y tos', 'Cuadro febril de 3 días, tos productiva.', 'Auscultación pulmonar: estertores en base derecha.', '{"presion": "115/70", "frecuencia": "88", "temperatura": "38.5", "peso": "70", "altura": "170", "oxigenacion": "94"}', 'Neumonía basal derecha', 'Antibióticos + antitérmicos', '[{"nombre": "Amoxicilina-clavulánico", "dosis": "875mg", "frecuencia": "Cada 12 horas", "duracion": "10 días"}, {"nombre": "Paracetamol", "dosis": "500mg", "frecuencia": "Cada 8 horas", "duracion": "5 días"}]', 'Reposo. Hidratación. Rx tórax control en 15 días.', 'Rx compatible con neumonía. Paciente en buen estado general.', '2025-08-27 09:00:00'),

(54, 2, '2025-08-08 11:00:00', 'Diabetes descompensada', 'Poliuria, polidipsia, pérdida de peso de 5kg en 1 mes.', 'Deshidratado. Aliento cetónico.', '{"presion": "100/60", "frecuencia": "100", "temperatura": "36.8", "peso": "68", "altura": "175", "oxigenacion": "97"}', 'Diabetes mellitus tipo 2 descompensada', 'Inicio de insulinoterapia', '[{"nombre": "Insulina NPH", "dosis": "10UI", "frecuencia": "2 veces al día", "duracion": "Continuo"}, {"nombre": "Metformina", "dosis": "850mg", "frecuencia": "Cada 12 horas", "duracion": "Continuo"}]', 'Educación diabetológica. Dieta. Control glucémico diario. Derivar a nutrición.', 'Glucemia 350mg/dl. HbA1c 11%. Requiere control estricto.', '2025-08-15 08:00:00'),

-- Más para Profesional 3 (Marisa Kirisame - Traumatología)
(43, 3, '2025-09-16 15:00:00', 'Fractura de muñeca', 'Caída sobre mano extendida. Dolor e impotencia funcional.', 'Deformidad en dorso de muñeca. Edema importante.', '{"presion": "125/80", "frecuencia": "85", "temperatura": "36.5", "peso": "75", "altura": "178", "oxigenacion": "98"}', 'Fractura de Colles', 'Reducción cerrada + yeso antebraquiopalmar', '[{"nombre": "Ibuprofeno", "dosis": "600mg", "frecuencia": "Cada 8 horas", "duracion": "7 días"}]', 'Reposo elevado. Hielo primeras 48hs. Control Rx en 7 días.', 'Fractura reducida exitosamente. Rx control satisfactoria.', '2025-09-23 09:00:00'),

(55, 3, '2025-08-12 15:00:00', 'Lumbalgia aguda', 'Dolor lumbar intenso tras levantar objeto pesado.', 'Contractura paravertebral. Lasegue negativo bilateral.', '{"presion": "130/85", "frecuencia": "78", "temperatura": "36.4", "peso": "82", "altura": "180", "oxigenacion": "98"}', 'Lumbalgia mecánica aguda', 'Reposo relativo + analgesia', '[{"nombre": "Diclofenac", "dosis": "75mg", "frecuencia": "Cada 12 horas", "duracion": "5 días"}, {"nombre": "Ciclobenzaprina", "dosis": "10mg", "frecuencia": "Cada 8 horas", "duracion": "5 días"}]', 'Reposo relativo 48hs. Calor local. Kinesioterapia si no mejora en 1 semana.', 'Sin signos de alarma. Pronóstico favorable.', '2025-08-19 14:00:00');

INSERT INTO "HistoriaClinica" (id_paciente, id_profesional, fecha, motivo, detalle, examen_fisico, signos_vitales, diagnostico, tratamiento, medicamentos, indicaciones, observaciones, proximo_control) VALUES

(56, 2, '2025-08-15 09:00:00', 'Gastroenteritis aguda', 'Diarrea líquida abundante, vómitos, dolor abdominal tipo cólico desde hace 24hs.', 'Abdomen blando, depresible, dolor difuso a la palpación. Ruidos hidroaéreos aumentados.', '{"presion": "100/65", "frecuencia": "92", "temperatura": "37.8", "peso": "66", "altura": "165", "oxigenacion": "97"}', 'Gastroenteritis aguda probablemente viral', 'Hidratación oral, dieta astringente', '[{"nombre": "Sales de rehidratación oral", "dosis": "1 sobre", "frecuencia": "Después de cada deposición", "duracion": "Hasta mejoría"}, {"nombre": "Loperamida", "dosis": "2mg", "frecuencia": "Después de cada deposición diarreica", "duracion": "Máximo 3 días"}]', 'Dieta líquida primeras 24hs. Agregar alimentos gradualmente. Hidratación abundante.', 'Signos de deshidratación leve. Control si empeora o no mejora en 48hs.', '2025-08-18 09:00:00'),

(87, 2, '2025-08-21 10:00:00', 'Hipertensión arterial nuevo diagnóstico', 'Paciente asintomático. Control de rutina muestra cifras elevadas.', 'Obesidad grado I. Sin otros hallazgos patológicos.', '{"presion": "155/95", "frecuencia": "78", "temperatura": "36.4", "peso": "88", "altura": "170", "oxigenacion": "98"}', 'Hipertensión arterial estadio 2', 'Cambios en estilo de vida + antihipertensivos', '[{"nombre": "Losartán", "dosis": "50mg", "frecuencia": "1 vez al día", "duracion": "Continuo"}, {"nombre": "Hidroclorotiazida", "dosis": "12.5mg", "frecuencia": "1 vez al día", "duracion": "Continuo"}]', 'Dieta hiposódica. Reducir peso 5-10kg. Ejercicio 30min diarios. Control TA domiciliario.', 'Solicitar laboratorio completo, ECG. Fondo de ojo. Educación sobre factores de riesgo.', '2025-09-21 10:00:00'),

(98, 2, '2025-10-02 11:00:00', 'Faringitis aguda', 'Dolor de garganta intenso, odinofagia, fiebre de 38.5°C desde ayer.', 'Faringe eritematosa, amígdalas hipertróficas con exudado purulento bilateral.', '{"presion": "115/75", "frecuencia": "85", "temperatura": "38.3", "peso": "72", "altura": "175", "oxigenacion": "98"}', 'Faringoamigdalitis bacteriana', 'Antibioticoterapia', '[{"nombre": "Amoxicilina", "dosis": "500mg", "frecuencia": "Cada 8 horas", "duracion": "10 días"}, {"nombre": "Ibuprofeno", "dosis": "400mg", "frecuencia": "Cada 8 horas", "duracion": "5 días"}]', 'Reposo. Líquidos abundantes. Gárgaras con agua tibia y sal. Completar tratamiento antibiótico.', 'Test rápido de Streptococcus positivo. Explicar importancia de completar antibiótico.', '2025-10-12 09:00:00'),

(109, 2, '2025-10-08 14:00:00', 'Anemia ferropénica', 'Astenia, palidez, caída de cabello, uñas quebradizas.', 'Palidez mucocutánea. Conjuntivas pálidas. Taquicardia leve.', '{"presion": "110/70", "frecuencia": "92", "temperatura": "36.2", "peso": "58", "altura": "162", "oxigenacion": "97"}', 'Anemia ferropénica moderada', 'Suplementación con hierro', '[{"nombre": "Sulfato ferroso", "dosis": "300mg", "frecuencia": "1 vez al día en ayunas", "duracion": "3 meses"}]', 'Tomar con jugo de naranja. Evitar lácteos simultáneamente. Dieta rica en hierro (carnes rojas, legumbres).', 'Hb: 9.2 g/dl, Ferritina baja. Investigar causa de pérdida. Control hemograma en 1 mes.', '2025-11-08 09:00:00'),

(120, 2, '2025-10-15 15:00:00', 'Urticaria aguda', 'Lesiones pruriginosas generalizadas que aparecieron súbitamente hace 6 horas.', 'Ronchas eritematosas, elevadas, distribuidas en tronco y extremidades. Bien perfundido.', '{"presion": "120/78", "frecuencia": "76", "temperatura": "36.5", "peso": "70", "altura": "168", "oxigenacion": "98"}', 'Urticaria aguda', 'Antihistamínicos', '[{"nombre": "Cetirizina", "dosis": "10mg", "frecuencia": "1 vez al día", "duracion": "7 días"}, {"nombre": "Prednisona", "dosis": "20mg", "frecuencia": "1 vez al día", "duracion": "3 días"}]', 'Identificar y evitar posible alérgeno. Ropa suelta. Baños con agua tibia. Vigilar signos de anafilaxia.', 'Sin compromiso respiratorio ni angioedema. Posible reacción a alimento nuevo. Educar sobre signos de alarma.', '2025-10-22 09:00:00'),

(43, 2, '2025-09-20 10:30:00', 'Control de salud preventivo', 'Sin síntomas. Solicita chequeo general.', 'Buen estado general. Sobrepeso leve. Examen físico normal.', '{"presion": "128/82", "frecuencia": "72", "temperatura": "36.3", "peso": "78", "altura": "172", "oxigenacion": "98"}', 'Paciente sano - Factores de riesgo cardiovascular', 'Medidas preventivas', NULL, 'Solicitar laboratorio: glucemia, perfil lipídico, hemograma. ECG basal. Reducir peso 5kg. Dieta balanceada. Ejercicio aeróbico 150min/semana.', 'Colesterol límite en analítica previa. Padre con IAM a los 58 años. Prevención primaria.', '2026-03-20 09:00:00');

COMMIT;
